site,cat_ID,year,date_collected,survival,death_date,cocoon_date,pupa_date,emerged_parasite,recorded_death,parasite_species,dissection_order,date_dissected,death_cause,sex,parasite,infection,infection_severity,certainity,cat_weight,stage,fat_body_amount,dried_up,parasite_present,killed,rearing_method,notes,pupated,cocooned,total_parasite,infection_severity.ord,date_collected_day,this_year,last_year,stage.ord
FRP,FRP1_2020,2020,2020-03-01,0,NA,2020-04-14,NA,0,unknown,NA,39,2020-06-23,virus_parasite,m,1,1,m,pretty sure,0.512,larva,l,0,1,0,lab,"NA,NA",0,1,1,m,0,0.058611,0.18822,larva
FRP,FRP2_2020,2020,2020-03-01,0,2020-05-20,2020-05-05,NA,0,unknown,NA,41,2020-06-23,virus,f,0,1,sh,very sure,0.633,larva,h,0,0,0,lab,"NA,NA",0,1,0,sh,0,0.058611,0.18822,larva
FRP,FRP3_2020,2020,2020-03-01,0,NA,2020-03-31,NA,0,unknown,NA,38,2020-06-23,virus,m,0,1,m,very sure,0.641,pupa,h,0,0,0,lab,"NA,failed pupation",0,1,0,m,0,0.058611,0.18822,pupa
FRP,FRP4_2020,2020,2020-03-01,1,NA,NA,2020-04-28,0,survived,NA,NA,NA,NA,NA,NA,NA,NA,NA,NA,NA,NA,NA,0,NA,lab,"NA,NA",1,1,NA,NA,0,0.058611,0.18822,NA
FRP,FRP5_2020,2020,2020-03-01,0,2020-04-10,NA,NA,0,virus,NA,NA,NA,NA,NA,NA,NA,NA,NA,NA,NA,NA,NA,NA,NA,lab,"NA,NA",0,0,NA,NA,0,0.058611,0.18822,NA
FRP,FRP6_2020,2020,2020-03-01,0,2020-04-14,2020-03-27,NA,0,unknown,NA,36,2020-06-23,virus,NA,0,1,sh,pretty sure,0.354,pupa,NA,0,0,0,lab,"NA,failed pupation",0,1,0,sh,0,0.058611,0.18822,pupa
FRP,FRP7_2020,2020,2020-03-01,0,2020-04-07,NA,NA,0,unknown,NA,37,2020-06-23,NA,NA,NA,1,NA,pretty sure,0.266,larva,NA,1,NA,0,lab,"NA,crappy dried up sample",0,0,NA,NA,0,0.058611,0.18822,larva
FRP,FRP8_2020,2020,2020-03-01,1,NA,2020-04-21,2020-05-08,0,survived,NA,NA,NA,NA,NA,NA,NA,NA,NA,NA,NA,NA,NA,0,NA,lab,"NA,NA",1,1,NA,NA,0,0.058611,0.18822,NA
FRP,FRP9_2020,2020,2020-03-01,0,2020-04-28,NA,NA,0,unknown,NA,45,2020-06-23,virus,f,0,1,sh,very sure,0.858,larva,h,0,0,0,lab,"NA,NA",0,0,0,sh,0,0.058611,0.18822,larva
FRP,FRP10_2020,2020,2020-03-01,1,NA,NA,2020-05-01,0,survived,NA,NA,NA,NA,NA,NA,NA,NA,NA,NA,NA,NA,NA,0,NA,lab,"NA,NA",1,1,NA,NA,0,0.058611,0.18822,NA
FRP,FRP11_2020,2020,2020-03-01,0,2020-04-03,NA,NA,0,virus,NA,NA,NA,NA,NA,NA,NA,NA,NA,NA,NA,NA,NA,NA,NA,lab,"NA,NA",0,0,NA,NA,0,0.058611,0.18822,NA
FRP,FRP12_2020,2020,2020-03-01,0,2020-04-14,2020-04-07,NA,0,unknown,NA,44,2020-06-23,NA,NA,NA,1,NA,pretty sure,0.293,larva,NA,1,NA,0,lab,"NA,crappy dried up sample",0,1,NA,NA,0,0.058611,0.18822,larva
FRP,FRP13_2020,2020,2020-03-01,1,NA,2020-03-31,2020-04-07,0,survived,NA,NA,NA,NA,NA,NA,NA,NA,NA,NA,NA,NA,NA,0,NA,lab,"NA,NA",1,1,NA,NA,0,0.058611,0.18822,NA
FRP,FRP14_2020,2020,2020-03-01,0,NA,2020-04-28,NA,0,unknown,NA,43,2020-06-23,virus,m,0,1,sh,very sure,0.835,larva,m,0,0,0,lab,"NA,NA",0,1,0,sh,0,0.058611,0.18822,larva
FRP,FRP15_2020,2020,2020-03-01,0,NA,2020-04-28,NA,1,parasite,NA,40,2020-06-23,NA,NA,NA,1,NA,pretty sure,0.342,larva,NA,1,1,0,lab,"NA,crappy dried up sample",0,1,NA,NA,0,0.058611,0.18822,larva
FRP,FRP16_2020,2020,2020-03-01,1,NA,2020-04-10,2020-04-14,0,survived,NA,NA,NA,NA,NA,NA,NA,NA,NA,NA,NA,NA,NA,0,NA,lab,"NA,NA",1,1,NA,NA,0,0.058611,0.18822,NA
FRP,FRP17_2020,2020,2020-03-01,1,NA,NA,2020-04-14,0,survived,NA,NA,NA,NA,NA,NA,NA,NA,NA,NA,NA,NA,NA,0,NA,lab,"NA,NA",1,1,NA,NA,0,0.058611,0.18822,NA
FRP,FRP18_2020,2020,2020-03-01,0,NA,NA,NA,0,NA,NA,NA,NA,NA,NA,NA,NA,NA,NA,NA,NA,NA,NA,NA,NA,lab,"NA,NA",0,0,NA,NA,0,0.058611,0.18822,NA
FRP,FRP19_2020,2020,2020-03-01,1,NA,NA,2020-03-20,0,survived,NA,NA,NA,NA,NA,NA,NA,NA,NA,NA,NA,NA,NA,0,NA,lab,"NA,NA",1,1,NA,NA,0,0.058611,0.18822,NA
FRP,FRP20_2020,2020,2020-03-01,0,2020-05-01,2020-04-25,NA,0,unknown,NA,42,2020-06-23,virus,f,0,1,h,pretty sure,0.96,larva,h,0,0,0,lab,"NA,NA",0,1,0,h,0,0.058611,0.18822,larva
FRP,FRP21_2020,2020,2020-03-01,0,NA,2020-04-18,NA,0,unknown,NA,46,2020-06-23,virus,f,0,1,h,pretty sure,0.51,larva,m,0,0,0,lab,"NA,NA",0,1,0,h,0,0.058611,0.18822,larva
FRP,FRP23_2020,2020,2020-03-01,1,NA,2020-04-04,2020-04-25,0,survived,NA,NA,NA,NA,NA,NA,NA,NA,NA,NA,NA,NA,NA,0,NA,lab,"NA,NA",1,1,NA,NA,0,0.058611,0.18822,NA
FRP,FRP24_2020,2020,2020-03-01,1,NA,2020-04-18,2020-04-25,0,survived,NA,NA,NA,NA,NA,NA,NA,NA,NA,NA,NA,NA,NA,0,NA,lab,"NA,NA",1,1,NA,NA,0,0.058611,0.18822,NA
FRP,FRP25_2020,2020,2020-03-01,0,NA,NA,NA,0,NA,NA,NA,NA,NA,NA,NA,NA,NA,NA,NA,NA,NA,NA,NA,NA,lab,"NA,NA",0,0,NA,NA,0,0.058611,0.18822,NA
FRP,FRP26_2020,2020,2020-03-01,1,NA,2020-04-07,2020-04-14,0,survived,NA,NA,NA,NA,NA,NA,NA,NA,NA,NA,NA,NA,NA,0,NA,lab,"NA,NA",1,1,NA,NA,0,0.058611,0.18822,NA
FRP,FRP27_2020,2020,2020-03-01,1,NA,NA,2020-04-14,0,survived,NA,NA,NA,NA,NA,NA,NA,NA,NA,NA,NA,NA,NA,0,NA,lab,"NA,NA",1,1,NA,NA,0,0.058611,0.18822,NA
FRP,FRP28_2020,2020,2020-03-01,1,NA,2020-04-18,2020-04-25,0,survived,NA,NA,NA,NA,NA,NA,NA,NA,NA,NA,NA,NA,NA,0,NA,lab,"NA,NA",1,1,NA,NA,0,0.058611,0.18822,NA
FRP,FRP29_2020,2020,2020-03-01,0,2020-03-27,NA,NA,0,unknown,NA,NA,NA,NA,NA,NA,NA,NA,NA,NA,NA,NA,NA,NA,NA,lab,"NA,NA",0,0,NA,NA,0,0.058611,0.18822,NA
FRP,FRP30_2020,2020,2020-03-01,1,NA,NA,2020-03-20,0,survived,NA,NA,NA,NA,NA,NA,NA,NA,NA,NA,NA,NA,NA,0,NA,lab,"NA,NA",1,1,NA,NA,0,0.058611,0.18822,NA
PDM,PDM2_2020,2020,2020-03-01,1,NA,2020-04-03,2020-04-10,0,survived,NA,NA,NA,NA,NA,NA,NA,NA,NA,NA,NA,NA,NA,0,NA,lab,"NA,NA",1,1,NA,NA,0,0.022985,0.075522,NA
PDM,PDM3_2020,2020,2020-03-01,0,2020-04-21,NA,NA,0,virus,NA,4,2020-06-10,virus,f,0,1,sh,very sure,0.823,larva,h,0,0,0,lab,"NA,NA",0,0,0,sh,0,0.022985,0.075522,larva
PDM,PDM4_2020,2020,2020-03-01,0,2020-03-20,NA,NA,0,unknown,NA,128,2020-07-02,unknown,NA,0,0,uninfected,pretty sure,0.38,larva,l,0,0,0,lab,"NA,crappy sample",0,0,0,uninfected,0,0.022985,0.075522,larva
PDM,PDM5_2020,2020,2020-03-01,1,NA,2020-03-24,2020-04-03,0,survived,NA,NA,NA,NA,NA,NA,NA,NA,NA,NA,NA,NA,NA,0,NA,lab,"NA,NA",1,1,NA,NA,0,0.022985,0.075522,NA
PDM,PDM7_2020,2020,2020-03-01,0,2020-03-27,NA,NA,0,unknown,NA,NA,NA,NA,NA,NA,NA,NA,NA,NA,NA,NA,NA,NA,NA,lab,"NA,NA",0,0,NA,NA,0,0.022985,0.075522,NA
PDM,PDM8_2020,2020,2020-03-01,0,2020-04-25,NA,NA,0,unknown,NA,NA,NA,NA,NA,NA,NA,NA,NA,NA,NA,NA,NA,NA,NA,lab,"NA,NA",0,0,NA,NA,0,0.022985,0.075522,NA
PDM,PDM9_2020,2020,2020-03-01,1,NA,2020-03-27,2020-04-07,0,survived,NA,NA,NA,NA,NA,NA,NA,NA,NA,NA,NA,NA,NA,0,NA,lab,"NA,NA",1,1,NA,NA,0,0.022985,0.075522,NA
PDM,PDM10_2020,2020,2020-03-01,0,2020-04-25,2020-04-07,NA,0,unknown,NA,3,2020-06-10,virus,m,0,1,sh,very sure,0.38,pupa,h,0,0,0,lab,"NA,evidence of failed pupation",0,1,0,sh,0,0.022985,0.075522,pupa
PDM,PDM11_2020,2020,2020-03-01,0,2020-04-21,NA,NA,0,unknown,NA,1,2020-06-10,virus,m,0,1,sh,very sure,0.43,larva,h,0,0,0,lab,"NA,NA",0,0,0,sh,0,0.022985,0.075522,larva
PDM,PDM12_2020,2020,2020-03-01,0,2020-04-03,2020-03-31,NA,0,unknown,NA,NA,NA,NA,NA,NA,NA,NA,NA,NA,NA,NA,NA,NA,NA,lab,"NA,NA",0,1,NA,NA,0,0.022985,0.075522,NA
PDM,PDM13_2020,2020,2020-03-01,1,NA,NA,2020-04-14,0,survived,NA,NA,NA,NA,NA,NA,NA,NA,NA,NA,NA,NA,NA,0,NA,lab,"NA,NA",1,1,NA,NA,0,0.022985,0.075522,NA
PDM,PDM15_2020,2020,2020-03-01,0,2020-05-01,NA,NA,0,unknown,NA,NA,NA,NA,NA,NA,NA,NA,NA,NA,NA,NA,NA,NA,NA,lab,"NA,NA",0,0,NA,NA,0,0.022985,0.075522,NA
PDM,PDM16_2020,2020,2020-03-01,1,NA,NA,2020-03-20,0,survived,NA,NA,NA,NA,NA,NA,NA,NA,NA,NA,NA,NA,NA,0,NA,lab,"NA,NA",1,1,NA,NA,0,0.022985,0.075522,NA
PDM,PDM17_2020,2020,2020-03-01,1,NA,2020-03-27,2020-04-03,0,survived,NA,NA,NA,NA,NA,NA,NA,NA,NA,NA,NA,NA,NA,0,NA,lab,"NA,NA",1,1,NA,NA,0,0.022985,0.075522,NA
PDM,PDM18_2020,2020,2020-03-01,0,2020-04-25,2020-04-27,NA,0,unknown,NA,NA,NA,NA,NA,NA,NA,NA,NA,NA,NA,NA,NA,NA,NA,lab,"NA,NA",0,1,NA,NA,0,0.022985,0.075522,NA
PDM,PDM20_2020,2020,2020-03-01,0,2020-04-14,2020-04-07,NA,0,unknown,NA,2,2020-06-10,virus,NA,0,1,sh,very sure,0.259,larva,NA,1,0,0,lab,"NA,dried up sample",0,1,0,sh,0,0.022985,0.075522,larva
GGT,GGT1_2020,2020,2020-03-13,0,2020-05-22,NA,NA,0,unknown,NA,60,2020-06-23,virus,f,0,1,h,very sure,1.137,larva,h,0,0,0,lab,"NA,NA",0,0,0,h,12,0.068001,0.036357,larva
GGT,GGT2_2020,2020,2020-03-13,0,2020-04-18,NA,NA,0,unknown,NA,53,2020-06-23,virus,f,0,1,sh,maybe,0.701,larva,l,0,0,0,lab,"NA,NA",0,0,0,sh,12,0.068001,0.036357,larva
GGT,GGT3_2020,2020,2020-03-13,0,2020-04-10,NA,NA,0,unknown,NA,56,2020-06-23,parasite,f,0,0,uninfected,maybe,0.412,larva,l,0,1,0,lab,"NA,evidence of parasite",0,0,0,uninfected,12,0.068001,0.036357,larva
GGT,GGT4_2020,2020,2020-03-13,1,NA,2020-04-14,2020-04-21,0,survived,NA,NA,NA,NA,NA,NA,NA,NA,NA,NA,NA,NA,NA,0,NA,lab,"NA,NA",1,1,NA,NA,12,0.068001,0.036357,NA
GGT,GGT5_2020,2020,2020-03-13,0,2020-03-27,NA,NA,2,parasite,NA,NA,NA,NA,NA,NA,NA,NA,NA,NA,NA,NA,NA,1,NA,lab,"NA,NA",0,0,NA,NA,12,0.068001,0.036357,NA
GGT,GGT6_2020,2020,2020-03-13,0,2020-04-18,2020-04-10,NA,0,unknown,NA,54,2020-06-23,NA,NA,NA,1,NA,maybe,0.475,larva,NA,1,NA,0,lab,"NA,crappy dried up sample",0,1,NA,NA,12,0.068001,0.036357,larva
GGT,GGT8_2020,2020,2020-03-13,0,NA,2020-04-24,NA,1,parasite,NA,NA,NA,NA,NA,NA,NA,NA,NA,NA,NA,NA,NA,1,NA,lab,"NA,NA",0,1,NA,NA,12,0.068001,0.036357,NA
GGT,GGT9_2020,2020,2020-03-13,1,NA,2020-04-07,2020-04-14,0,survived,NA,NA,NA,NA,NA,NA,NA,NA,NA,NA,NA,NA,NA,0,NA,lab,"NA,NA",1,1,NA,NA,12,0.068001,0.036357,NA
GGT,GGT10_2020,2020,2020-03-13,0,2020-04-18,NA,NA,0,unknown,NA,55,2020-06-23,virus_parasite,f,2,1,m,very sure,0.381,larva,l,0,1,0,lab,"NA,NA",0,0,2,m,12,0.068001,0.036357,larva
GGT,GGT11_2020,2020,2020-03-13,0,2020-04-10,NA,NA,0,virus,NA,58,2020-06-23,virus_parasite,f,0,1,l,pretty sure,0.741,larva,l,0,1,0,lab,"NA,evidence of parasite",0,0,0,l,12,0.068001,0.036357,larva
GGT,GGT12_2020,2020,2020-03-13,0,2020-04-10,NA,NA,0,unknown,NA,130,2020-07-02,unknown,f,0,0,uninfected,maybe,0.41,larva,m,0,0,0,lab,"NA,NA",0,0,0,uninfected,12,0.068001,0.036357,larva
GGT,GGT13_2020,2020,2020-03-13,1,NA,NA,2020-04-25,0,survived,NA,NA,NA,NA,NA,NA,NA,NA,NA,NA,NA,NA,NA,0,NA,lab,"NA,NA",1,1,NA,NA,12,0.068001,0.036357,NA
GGT,GGT14_2020,2020,2020-03-13,1,NA,2020-04-18,2020-05-01,0,survived,NA,NA,NA,NA,NA,NA,NA,NA,NA,NA,NA,NA,NA,0,NA,lab,"NA,NA",1,1,NA,NA,12,0.068001,0.036357,NA
GGT,GGT15_2020,2020,2020-03-13,0,2020-04-07,NA,NA,0,unknown,NA,52,2020-06-23,virus,m,0,1,h,pretty sure,0.449,larva,m,0,0,0,lab,"NA,NA",0,0,0,h,12,0.068001,0.036357,larva
GGT,GGT16_2020,2020,2020-03-13,0,2020-03-24,NA,NA,0,unknown,NA,48,2020-06-23,virus,m,0,1,m,pretty sure,0.331,larva,l,0,0,0,lab,"NA,NA",0,0,0,m,12,0.068001,0.036357,larva
GGT,GGT17_2020,2020,2020-03-13,1,NA,NA,NA,0,survived,NA,NA,NA,NA,NA,NA,NA,NA,NA,NA,NA,NA,NA,0,NA,lab,"NA,NA",1,1,NA,NA,12,0.068001,0.036357,NA
GGT,GGT18_2020,2020,2020-03-13,0,NA,2020-05-01,NA,1,parasite,NA,49,2020-06-23,virus,f,0,1,sh,very sure,0.816,larva,h,0,1,0,lab,"NA,NA",0,1,1,sh,12,0.068001,0.036357,larva
GGT,GGT20_2020,2020,2020-03-13,1,NA,2020-03-20,2020-04-03,0,survived,NA,NA,NA,NA,NA,NA,NA,NA,NA,NA,NA,NA,NA,0,NA,lab,"NA,NA",1,1,NA,NA,12,0.068001,0.036357,NA
GGT,GGT21_2020,2020,2020-03-13,0,2020-04-10,NA,NA,1,parasite,hair worm,51,2020-06-23,parasite,f,0,0,uninfected,maybe,0.336,larva,l,0,0,0,lab,"NA,hairworm x1",0,0,1,uninfected,12,0.068001,0.036357,larva
GGT,GGT22_2020,2020,2020-03-13,0,2020-03-27,NA,NA,0,unknown,NA,47,2020-06-23,NA,NA,0,1,NA,maybe,0.511,larva,l,1,0,0,lab,"NA,crappy dried up sample",0,0,0,NA,12,0.068001,0.036357,larva
GGT,GGT23_2020,2020,2020-03-13,1,NA,2020-03-24,2020-03-27,0,survived,NA,NA,NA,NA,NA,NA,NA,NA,NA,NA,NA,NA,NA,0,NA,lab,"NA,NA",1,1,NA,NA,12,0.068001,0.036357,NA
GGT,GGT24_2020,2020,2020-03-13,0,NA,2020-04-03,NA,1,parasite,braconid,NA,NA,NA,NA,NA,NA,NA,NA,NA,NA,NA,NA,1,NA,lab,"NA,NA",0,1,NA,NA,12,0.068001,0.036357,NA
GGT,GGT25_2020,2020,2020-03-13,1,NA,2020-04-21,2020-04-28,0,survived,NA,NA,NA,NA,NA,NA,NA,NA,NA,NA,NA,NA,NA,0,NA,lab,"NA,NA",1,1,NA,NA,12,0.068001,0.036357,NA
GGT,GGT26_2020,2020,2020-03-13,0,2020-04-03,2020-03-31,NA,2,parasite,NA,57,2020-06-23,virus_parasite,f,0,1,h,maybe,0.834,larva,m,0,1,0,lab,"NA,NA",0,1,2,h,12,0.068001,0.036357,larva
GGT,GGT27_2020,2020,2020-03-13,0,2020-04-18,NA,NA,0,unknown,NA,59,2020-06-23,virus,f,0,1,h,pretty sure,0.822,larva,m,0,0,0,lab,"NA,NA",0,0,0,h,12,0.068001,0.036357,larva
GGT,GGT28_2020,2020,2020-03-13,1,NA,NA,2020-04-28,0,survived,NA,NA,NA,NA,NA,NA,NA,NA,NA,NA,NA,NA,NA,0,NA,lab,"NA,NA",1,1,NA,NA,12,0.068001,0.036357,NA
GGT,GGT29_2020,2020,2020-03-13,0,2020-04-25,NA,NA,0,unknown,NA,NA,NA,NA,NA,NA,NA,NA,NA,NA,NA,NA,NA,NA,NA,lab,"NA,NA",0,0,NA,NA,12,0.068001,0.036357,NA
GGT,GGT30_2020,2020,2020-03-13,0,2020-04-14,2020-04-13,NA,0,unknown,NA,50,2020-06-23,NA,NA,NA,1,NA,pretty sure,0.293,larva,NA,1,NA,0,lab,"NA,crappy dried up sample",0,1,NA,NA,12,0.068001,0.036357,larva
PRS,PRS1_2020,2020,2020-03-13,0,2020-04-25,NA,NA,6,parasite,NA,NA,NA,NA,NA,NA,NA,NA,NA,NA,NA,NA,NA,1,NA,lab,"NA,NA",0,0,NA,NA,12,0.030044,0.010925,NA
PRS,PRS2_2020,2020,2020-03-13,0,NA,2020-04-14,NA,2,parasite,NA,NA,NA,NA,NA,NA,NA,NA,NA,NA,NA,NA,NA,1,NA,lab,"NA,NA",0,1,NA,NA,12,0.030044,0.010925,NA
PRS,PRS3_2020,2020,2020-03-13,0,2020-04-18,NA,NA,0,unknown,NA,67,2020-06-23,virus,f,0,1,sh,very sure,0.954,larva,h,0,0,0,lab,"NA,NA",0,0,0,sh,12,0.030044,0.010925,larva
PRS,PRS4_2020,2020,2020-03-13,0,2020-03-20,NA,NA,4,parasite,NA,NA,NA,NA,NA,NA,NA,NA,NA,NA,NA,NA,NA,1,NA,lab,"NA,NA",0,0,NA,NA,12,0.030044,0.010925,NA
PRS,PRS5_2020,2020,2020-03-13,0,2020-05-01,NA,NA,0,unknown,NA,73,2020-06-23,NA,NA,NA,1,NA,NA,0.097,larva,NA,1,NA,0,lab,"NA,crappy dried up sample",0,0,NA,NA,12,0.030044,0.010925,larva
PRS,PRS6_2020,2020,2020-03-13,0,2020-05-09,NA,NA,0,unknown,NA,69,2020-06-23,virus,f,0,1,sh,pretty sure,0.629,larva,m,0,0,0,lab,"NA,NA",0,0,0,sh,12,0.030044,0.010925,larva
PRS,PRS7_2020,2020,2020-03-13,0,NA,2020-05-01,NA,0,unknown,NA,NA,NA,NA,NA,NA,NA,NA,NA,NA,NA,NA,NA,NA,NA,lab,"NA,NA",0,1,NA,NA,12,0.030044,0.010925,NA
PRS,PRS8_2020,2020,2020-03-13,0,2020-04-18,NA,NA,0,unknown,NA,74,2020-06-23,parasite,f,0,0,uninfected,pretty sure,0.734,larva,l,0,0,0,lab,"NA,evidence of parasite",0,0,0,uninfected,12,0.030044,0.010925,larva
PRS,PRS9_2020,2020,2020-03-13,0,2020-03-27,NA,NA,1,parasite,NA,70,2020-06-23,parasite,f,4,1,l,pretty sure,0.737,larva,m,0,1,0,lab,"NA,NA",0,0,5,l,12,0.030044,0.010925,larva
PRS,PRS10_2020,2020,2020-03-13,1,NA,2020-04-21,2020-04-28,0,survived,NA,NA,NA,NA,NA,NA,NA,NA,NA,NA,NA,NA,NA,0,NA,lab,"NA,NA",1,1,NA,NA,12,0.030044,0.010925,NA
PRS,PRS11_2020,2020,2020-03-13,0,NA,2020-04-07,NA,10,parasite,NA,NA,NA,NA,NA,NA,NA,NA,NA,NA,NA,NA,NA,1,NA,lab,"NA,NA",0,1,NA,NA,12,0.030044,0.010925,NA
PRS,PRS12_2020,2020,2020-03-13,0,NA,NA,NA,3,parasite,NA,NA,NA,NA,NA,NA,NA,NA,NA,NA,NA,NA,NA,1,NA,lab,"NA,NA",0,0,NA,NA,12,0.030044,0.010925,NA
PRS,PRS13_2020,2020,2020-03-13,0,NA,2020-04-20,NA,3,parasite,NA,NA,NA,NA,NA,NA,NA,NA,NA,NA,NA,NA,NA,1,NA,lab,"NA,NA",0,1,NA,NA,12,0.030044,0.010925,NA
PRS,PRS14_2020,2020,2020-03-13,0,NA,NA,NA,4,parasite,NA,NA,NA,NA,NA,NA,NA,NA,NA,NA,NA,NA,NA,1,NA,lab,"NA,NA",0,0,NA,NA,12,0.030044,0.010925,NA
PRS,PRS15_2020,2020,2020-03-13,0,2020-04-10,NA,NA,5,parasite,NA,NA,NA,NA,NA,NA,NA,NA,NA,NA,NA,NA,NA,1,NA,lab,"NA,NA",0,0,NA,NA,12,0.030044,0.010925,NA
PRK,PRK1_2020,2020,2020-03-13,0,NA,NA,NA,1,parasite,NA,71,2020-06-23,NA,NA,NA,1,NA,NA,0.246,larva,NA,1,1,0,lab,"NA,crappy dried up sample",0,0,NA,NA,12,0.004493,0.020219,larva
PRK,PRK2_2020,2020,2020-03-13,0,NA,2020-05-01,NA,1,parasite,NA,72,2020-06-23,virus,f,0,1,sh,pretty sure,0.595,larva,h,0,1,0,lab,"NA,NA",0,1,1,sh,12,0.004493,0.020219,larva
PRN,PRN1_2020,2020,2020-03-13,0,2020-05-01,NA,NA,0,unknown,NA,26,2020-06-14,virus,f,0,1,sh,very sure,1.353,larva,m,0,0,0,lab,"NA,NA",0,0,0,sh,12,0.145535,0.024256,larva
PRN,PRN2_2020,2020,2020-03-13,0,2020-05-01,NA,NA,1,parasite,NA,NA,NA,NA,NA,NA,NA,NA,NA,NA,NA,NA,NA,1,NA,lab,"NA,NA",0,0,NA,NA,12,0.145535,0.024256,NA
PRN,PRN3_2020,2020,2020-03-13,1,NA,2020-04-28,2020-05-08,0,survived,NA,NA,NA,NA,NA,NA,NA,NA,NA,NA,NA,NA,NA,0,NA,lab,"NA,NA",1,1,NA,NA,12,0.145535,0.024256,NA
PRN,PRN4_2020,2020,2020-03-13,1,NA,2020-04-18,2020-04-25,0,survived,NA,NA,NA,NA,NA,NA,NA,NA,NA,NA,NA,NA,NA,0,NA,lab,"NA,NA",1,1,NA,NA,12,0.145535,0.024256,NA
PRN,PRN5_2020,2020,2020-03-13,1,NA,2020-05-16,2020-05-29,0,survived,NA,NA,NA,NA,NA,NA,NA,NA,NA,NA,NA,NA,NA,0,NA,lab,"NA,NA",1,1,NA,NA,12,0.145535,0.024256,NA
PRN,PRN6_2020,2020,2020-03-13,0,2020-04-25,2020-04-14,NA,0,unknown,NA,258,2020-08-25,unknown,m,0,0,uninfected,pretty sure,NA,larva,l,0,1,0,lab,"NA,NA",0,1,0,uninfected,12,0.145535,0.024256,larva
PRN,PRN7_2020,2020,2020-03-13,0,2020-03-27,NA,NA,0,unknown,NA,33,2020-06-14,virus,m,0,1,sh,very sure,0.391,larva,m,0,0,0,lab,"NA,NA",0,0,0,sh,12,0.145535,0.024256,larva
PRN,PRN8_2020,2020,2020-03-13,1,NA,2020-04-14,2020-04-21,0,survived,NA,NA,NA,NA,NA,NA,NA,NA,NA,NA,NA,NA,NA,0,NA,lab,"NA,NA",1,1,NA,NA,12,0.145535,0.024256,NA
PRN,PRN9_2020,2020,2020-03-13,0,NA,NA,NA,0,NA,NA,34,2020-06-14,virus,m,0,1,m,very sure,0.296,larva,m,0,1,0,lab,"NA,1 healed parasite exit wound",0,0,0,m,12,0.145535,0.024256,larva
PRN,PRN10_2020,2020,2020-03-13,0,NA,2020-03-20,NA,0,unknown,NA,NA,NA,NA,NA,NA,NA,NA,NA,NA,NA,NA,NA,NA,NA,lab,"NA,NA",0,1,NA,NA,12,0.145535,0.024256,NA
PRN,PRN11_2020,2020,2020-03-13,0,2020-04-07,NA,NA,0,unknown,NA,NA,NA,NA,NA,NA,NA,NA,NA,NA,NA,NA,NA,NA,NA,lab,"NA,NA",0,0,NA,NA,12,0.145535,0.024256,NA
PRN,PRN12_2020,2020,2020-03-13,1,NA,2020-04-14,2020-04-25,0,survived,NA,NA,NA,NA,NA,NA,NA,NA,NA,NA,NA,NA,NA,0,NA,lab,"NA,NA",1,1,NA,NA,12,0.145535,0.024256,NA
PRN,PRN13_2020,2020,2020-03-13,0,2020-05-01,NA,NA,0,virus,NA,27,2020-06-14,virus,m,0,1,h,maybe,0.813,larva,m,0,0,0,lab,"NA,NA",0,0,0,h,12,0.145535,0.024256,larva
PRN,PRN14_2020,2020,2020-03-13,0,2020-04-25,NA,NA,1,parasite,NA,NA,NA,NA,NA,NA,NA,NA,NA,NA,NA,NA,NA,1,NA,lab,"NA,NA",0,0,NA,NA,12,0.145535,0.024256,NA
PRN,PRN15_2020,2020,2020-03-13,0,2020-04-25,NA,NA,3,parasite,NA,28,2020-06-14,virus_parasite,f,0,1,sh,pretty sure,0.532,larva,m,0,1,0,lab,"NA,NA",0,0,3,sh,12,0.145535,0.024256,larva
PRN,PRN16_2020,2020,2020-03-13,0,2020-05-08,NA,NA,0,unknown,NA,29,2020-06-14,virus_parasite,f,0,1,h,maybe,0.83,larva,m,0,1,0,lab,"NA,NA",0,0,0,h,12,0.145535,0.024256,larva
PRN,PRN17_2020,2020,2020-03-13,0,2020-03-20,NA,NA,3,parasite,NA,NA,NA,NA,NA,NA,NA,NA,NA,NA,NA,NA,NA,1,NA,lab,"NA,NA",0,0,NA,NA,12,0.145535,0.024256,NA
PRN,PRN18_2020,2020,2020-03-13,0,NA,NA,NA,0,NA,NA,30,2020-06-14,virus,NA,0,1,h,maybe,0.214,larva,l,0,0,0,lab,"NA,NA",0,0,0,h,12,0.145535,0.024256,larva
PRN,PRN19_2020,2020,2020-03-13,0,NA,2020-04-28,NA,3,parasite,NA,NA,NA,NA,NA,NA,NA,NA,NA,NA,NA,NA,NA,1,NA,lab,"NA,NA",0,1,NA,NA,12,0.145535,0.024256,NA
PRN,PRN20_2020,2020,2020-03-13,0,2020-03-20,NA,NA,0,unknown,NA,127,2020-07-02,virus,f,0,1,m,pretty sure,0.86,larva,m,0,0,0,lab,"NA,NA",0,0,0,m,12,0.145535,0.024256,larva
PRN,PRN21_2020,2020,2020-03-13,0,2020-04-28,NA,NA,2,parasite,NA,NA,NA,NA,NA,NA,NA,NA,NA,NA,NA,NA,NA,1,NA,lab,"NA,NA",0,0,NA,NA,12,0.145535,0.024256,NA
PRN,PRN22_2020,2020,2020-03-13,0,NA,2020-04-14,NA,1,parasite,NA,NA,NA,NA,NA,NA,NA,NA,NA,NA,NA,NA,NA,1,NA,lab,"NA,NA",0,1,NA,NA,12,0.145535,0.024256,NA
PRN,PRN23_2020,2020,2020-03-13,0,2020-04-03,NA,NA,3,parasite,NA,31,2020-06-14,virus_parasite,f,0,1,sh,very sure,0.654,larva,h,0,1,0,lab,"NA,2 healed parasite exit wounds",0,0,3,sh,12,0.145535,0.024256,larva
PRN,PRN24_2020,2020,2020-03-13,0,NA,2020-04-14,NA,6,unknown,NA,NA,NA,NA,NA,NA,NA,NA,NA,NA,NA,NA,NA,1,NA,lab,"NA,NA",0,1,NA,NA,12,0.145535,0.024256,NA
PRN,PRN25_2020,2020,2020-03-13,0,2020-03-20,NA,NA,0,unknown,NA,NA,NA,NA,NA,NA,NA,NA,NA,NA,NA,NA,NA,NA,NA,lab,"NA,NA",0,0,NA,NA,12,0.145535,0.024256,NA
PRN,PRN26_2020,2020,2020-03-13,0,2020-03-24,NA,NA,3,parasite,NA,NA,NA,NA,NA,NA,NA,NA,NA,NA,NA,NA,NA,1,NA,lab,"NA,NA",0,0,NA,NA,12,0.145535,0.024256,NA
PRN,PRN27_2020,2020,2020-03-13,0,2020-05-20,NA,NA,0,unknown,NA,32,2020-06-14,virus,f,0,1,m,very sure,0.677,larva,l,0,0,0,lab,"NA,NA",0,0,0,m,12,0.145535,0.024256,larva
PRN,PRN28_2020,2020,2020-03-13,0,2020-04-28,NA,NA,3,parasite,NA,129,2020-07-02,parasite,f,4,0,uninfected,pretty sure,0.925,larva,l,0,1,0,lab,"NA,NA",0,0,7,uninfected,12,0.145535,0.024256,larva
PRN,PRN29_2020,2020,2020-03-13,1,NA,2020-04-04,2020-04-25,0,survived,NA,NA,NA,NA,NA,NA,NA,NA,NA,NA,NA,NA,NA,0,NA,lab,"NA,NA",1,1,NA,NA,12,0.145535,0.024256,NA
BMR,BMR1_2020,2020,2020-03-25,0,2020-04-18,NA,NA,0,unknown,NA,14,2020-06-14,unknown,f,0,1,m,pretty sure,0.634,larva,l,0,0,0,lab,"NA,NA",0,0,0,m,24,0.737981,4.108579,larva
BMR,BMR2_2020,2020,2020-03-25,0,NA,NA,NA,0,NA,NA,NA,NA,NA,NA,NA,NA,NA,NA,NA,NA,NA,NA,NA,NA,lab,"NA,NA",0,0,NA,NA,24,0.737981,4.108579,NA
BMR,BMR3_2020,2020,2020-03-25,0,2020-05-12,NA,NA,0,unknown,NA,16,2020-06-14,unknown,f,0,1,l,pretty sure,1.227,larva,m,0,0,0,lab,"NA,NA",0,0,0,l,24,0.737981,4.108579,larva
BMR,BMR4_2020,2020,2020-03-25,0,2020-05-05,NA,NA,0,unknown,NA,13,2020-06-14,virus,f,0,1,h,very sure,0.776,pupa,h,0,0,0,lab,"NA,evidence of failed pupation",0,0,0,h,24,0.737981,4.108579,pupa
BMR,BMR5_2020,2020,2020-03-25,0,2020-04-10,NA,NA,2,parasite,NA,17,2020-06-14,parasite,f,0,1,l,pretty sure,0.372,larva,l,0,1,0,lab,"NA,NA",0,0,2,l,24,0.737981,4.108579,larva
BMR,BMR6_2020,2020,2020-03-25,0,2020-05-19,NA,NA,0,unknown,NA,10,2020-06-14,virus,f,0,1,h,very sure,0.81,larva,h,0,0,0,lab,"NA,NA",0,0,0,h,24,0.737981,4.108579,larva
BMR,BMR7_2020,2020,2020-03-25,1,NA,2020-04-18,2020-04-29,0,survived,NA,NA,NA,NA,NA,NA,NA,NA,NA,NA,NA,NA,NA,0,NA,lab,"NA,NA",1,1,NA,NA,24,0.737981,4.108579,NA
BMR,BMR8_2020,2020,2020-03-25,0,NA,NA,NA,0,NA,NA,NA,NA,NA,NA,NA,NA,NA,NA,NA,NA,NA,NA,NA,NA,lab,"NA,NA",0,0,NA,NA,24,0.737981,4.108579,NA
BMR,BMR9_2020,2020,2020-03-25,1,NA,2020-05-16,2020-05-26,0,survived,NA,NA,NA,NA,NA,NA,NA,NA,NA,NA,NA,NA,NA,0,NA,lab,"NA,NA",1,1,NA,NA,24,0.737981,4.108579,NA
BMR,BMR10_2020,2020,2020-03-25,0,NA,2020-04-21,NA,0,unknown,NA,NA,NA,NA,NA,NA,NA,NA,NA,NA,NA,NA,NA,NA,NA,lab,"NA,NA",0,1,NA,NA,24,0.737981,4.108579,NA
BMR,BMR11_2020,2020,2020-03-25,1,NA,2020-05-01,2020-05-05,1,survived,NA,NA,NA,NA,NA,NA,NA,NA,NA,NA,NA,NA,NA,1,NA,lab,"NA,NA",1,1,NA,NA,24,0.737981,4.108579,NA
BMR,BMR12_2020,2020,2020-03-25,0,2020-05-20,2020-05-08,NA,0,unknown,NA,12,2020-06-14,virus,NA,0,1,sh,pretty sure,0.24,larva,NA,1,0,0,lab,"NA,dried up",0,1,0,sh,24,0.737981,4.108579,larva
BMR,BMR13_2020,2020,2020-03-25,0,2020-05-05,NA,NA,1,parasite,NA,NA,NA,NA,NA,NA,NA,NA,NA,NA,NA,NA,NA,1,NA,lab,"NA,NA",0,0,NA,NA,24,0.737981,4.108579,NA
BMR,BMR14_2020,2020,2020-03-25,0,2020-05-12,NA,NA,0,virus,NA,11,2020-06-14,virus,f,0,1,m,pretty sure,0.998,larva,m,0,0,0,lab,"NA,NA",0,0,0,m,24,0.737981,4.108579,larva
BMR,BMR15_2020,2020,2020-03-25,1,NA,2020-04-25,2020-05-05,0,survived,NA,NA,NA,NA,NA,NA,NA,NA,NA,NA,NA,NA,NA,0,NA,lab,"NA,NA",1,1,NA,NA,24,0.737981,4.108579,NA
BMR,BMR16_2020,2020,2020-03-25,0,2020-06-29,2020-05-26,NA,0,unknown,NA,126,2020-07-02,virus,f,0,1,sh,very sure,0.537,larva,m,0,0,0,lab,"NA,NA",0,1,0,sh,24,0.737981,4.108579,larva
MSP,MSP1_2020,2020,2020-03-25,1,NA,2020-05-01,2020-05-08,0,survived,NA,NA,NA,NA,NA,NA,NA,NA,NA,NA,NA,NA,NA,0,NA,lab,"NA,NA",1,1,NA,NA,24,0.055753,0.074337,NA
MSP,MSP2_2020,2020,2020-03-25,0,2020-04-03,NA,NA,0,virus,NA,21,2020-06-14,parasite,f,0,0,uninfected,pretty sure,0.304,larva,l,0,1,0,lab,"NA,1 healed parasite exit wound",0,0,0,uninfected,24,0.055753,0.074337,larva
MSP,MSP3_2020,2020,2020-03-25,0,2020-04-03,NA,NA,0,virus,NA,NA,NA,NA,NA,NA,NA,NA,NA,NA,NA,NA,NA,NA,NA,lab,"NA,NA",0,0,NA,NA,24,0.055753,0.074337,NA
MSP,MSP4_2020,2020,2020-03-25,0,2020-05-12,NA,NA,0,unknown,NA,20,2020-06-14,parasite,f,14,1,l,pretty sure,0.243,larva,l,0,1,0,lab,"NA,wasp parasite",0,0,14,l,24,0.055753,0.074337,larva
MSP,MSP5_2020,2020,2020-03-25,0,2020-04-18,NA,NA,0,unknown,NA,22,2020-06-14,virus,m,0,1,h,pretty sure,0.537,larva,h,0,0,0,lab,"NA,NA",0,0,0,h,24,0.055753,0.074337,larva
MSP,MSP6_2020,2020,2020-03-25,0,2020-04-21,NA,NA,0,virus,NA,25,2020-06-14,virus,f,0,1,sh,very sure,1.011,larva,h,0,0,0,lab,"NA,NA",0,0,0,sh,24,0.055753,0.074337,larva
HOS,HOS1_2020,2020,2020-04-10,1,NA,2020-05-05,2020-05-12,0,survived,NA,NA,NA,NA,NA,NA,NA,NA,NA,NA,NA,NA,NA,0,NA,lab,"NA,NA",1,1,NA,NA,40,0.083516,0.164423,NA
HOS,HOS2_2020,2020,2020-04-10,1,NA,2020-05-12,2020-05-19,0,survived,NA,NA,NA,NA,NA,NA,NA,NA,NA,NA,NA,NA,NA,0,NA,lab,"NA,NA",1,1,NA,NA,40,0.083516,0.164423,NA
HOS,HOS3_2020,2020,2020-04-10,1,NA,2020-05-16,2020-05-20,0,survived,NA,NA,NA,NA,NA,NA,NA,NA,NA,NA,NA,NA,NA,0,NA,lab,"NA,NA",1,1,NA,NA,40,0.083516,0.164423,NA
HOS,HOS4_2020,2020,2020-04-10,1,NA,2020-04-21,2020-05-01,0,survived,NA,NA,NA,NA,NA,NA,NA,NA,NA,NA,NA,NA,NA,0,NA,lab,"NA,NA",1,1,NA,NA,40,0.083516,0.164423,NA
HOS,HOS5_2020,2020,2020-04-10,1,NA,2020-05-08,2020-05-16,0,survived,NA,NA,NA,NA,NA,NA,NA,NA,NA,NA,NA,NA,NA,0,NA,lab,"NA,NA",1,1,NA,NA,40,0.083516,0.164423,NA
HOS,HOS6_2020,2020,2020-04-10,1,NA,2020-05-12,2020-05-16,0,survived,NA,NA,NA,NA,NA,NA,NA,NA,NA,NA,NA,NA,NA,0,NA,lab,"NA,NA",1,1,NA,NA,40,0.083516,0.164423,NA
HOS,HOS7_2020,2020,2020-04-10,1,NA,2020-05-19,2020-05-26,0,survived,NA,NA,NA,NA,NA,NA,NA,NA,NA,NA,NA,NA,NA,0,NA,lab,"NA,NA",1,1,NA,NA,40,0.083516,0.164423,NA
HOS,HOS8_2020,2020,2020-04-10,1,NA,2020-05-05,2020-05-12,0,survived,NA,NA,NA,NA,NA,NA,NA,NA,NA,NA,NA,NA,NA,0,NA,lab,"NA,NA",1,1,NA,NA,40,0.083516,0.164423,NA
HOS,HOS9_2020,2020,2020-04-10,1,NA,2020-04-21,2020-04-28,0,survived,NA,NA,NA,NA,NA,NA,NA,NA,NA,NA,NA,NA,NA,0,NA,lab,"NA,NA",1,1,NA,NA,40,0.083516,0.164423,NA
HOS,HOS10_2020,2020,2020-04-10,1,NA,2020-05-16,2020-05-19,0,survived,NA,NA,NA,NA,NA,NA,NA,NA,NA,NA,NA,NA,NA,0,NA,lab,"NA,NA",1,1,NA,NA,40,0.083516,0.164423,NA
HOS,HOS11_2020,2020,2020-04-10,1,NA,2020-05-01,2020-05-08,0,survived,NA,NA,NA,NA,NA,NA,NA,NA,NA,NA,NA,NA,NA,0,NA,lab,"NA,NA",1,1,NA,NA,40,0.083516,0.164423,NA
HOS,HOS12_2020,2020,2020-04-10,1,NA,2020-05-05,2020-05-12,0,survived,NA,NA,NA,NA,NA,NA,NA,NA,NA,NA,NA,NA,NA,0,NA,lab,"NA,NA",1,1,NA,NA,40,0.083516,0.164423,NA
HOS,HOS13_2020,2020,2020-04-10,1,NA,2020-04-21,2020-04-28,0,survived,NA,NA,NA,NA,NA,NA,NA,NA,NA,NA,NA,NA,NA,0,NA,lab,"NA,NA",1,1,NA,NA,40,0.083516,0.164423,NA
HOS,HOS14_2020,2020,2020-04-10,0,NA,2020-05-12,NA,0,unknown,NA,61,2020-06-23,NA,NA,NA,1,NA,very sure,0.299,larva,NA,1,NA,0,lab,"NA,crappy dried up sample",0,1,NA,NA,40,0.083516,0.164423,larva
HOS,HOS15_2020,2020,2020-04-10,1,NA,NA,2020-05-12,0,survived,NA,NA,NA,NA,NA,NA,NA,NA,NA,NA,NA,NA,NA,0,NA,lab,"NA,NA",1,1,NA,NA,40,0.083516,0.164423,NA
HOS,HOS16_2020,2020,2020-04-10,1,NA,2020-05-26,2020-06-02,0,survived,NA,NA,NA,NA,NA,NA,NA,NA,NA,NA,NA,NA,NA,0,NA,lab,"NA,NA",1,1,NA,NA,40,0.083516,0.164423,NA
HOS,HOS17_2020,2020,2020-04-10,1,NA,2020-04-25,2020-05-01,0,survived,NA,NA,NA,NA,NA,NA,NA,NA,NA,NA,NA,NA,NA,0,NA,lab,"NA,NA",1,1,NA,NA,40,0.083516,0.164423,NA
HOS,HOS18_2020,2020,2020-04-10,0,NA,NA,NA,0,NA,NA,62,2020-06-23,virus,f,0,1,h,very sure,0.329,larva,l,0,0,0,lab,"NA,NA",0,0,0,h,40,0.083516,0.164423,larva
HOS,HOS19_2020,2020,2020-04-10,1,NA,2020-05-08,2020-05-16,0,survived,NA,NA,NA,NA,NA,NA,NA,NA,NA,NA,NA,NA,NA,0,NA,lab,"NA,NA",1,1,NA,NA,40,0.083516,0.164423,NA
HOS,HOS20_2020,2020,2020-04-10,1,NA,2020-05-26,NA,0,survived,NA,NA,NA,NA,NA,NA,NA,NA,NA,NA,NA,NA,NA,0,NA,lab,"NA,NA",1,1,NA,NA,40,0.083516,0.164423,NA
FWF,FWF1_2020,2020,2020-04-10,1,NA,2020-05-05,2020-05-12,0,survived,NA,NA,NA,NA,NA,NA,NA,NA,NA,NA,NA,NA,NA,0,NA,lab,"NA,NA",1,1,NA,NA,40,0.026527,0.029843,NA
FWF,FWF2_2020,2020,2020-04-10,0,NA,NA,NA,0,NA,NA,18,2020-06-14,virus,f,0,1,h,pretty sure,0.718,larva,h,0,0,0,lab,"NA,NA",0,0,0,h,40,0.026527,0.029843,larva
FWF,FWF3_2020,2020,2020-04-10,1,NA,2020-05-12,2020-05-22,0,survived,NA,NA,NA,NA,NA,NA,NA,NA,NA,NA,NA,NA,NA,0,NA,lab,"NA,NA",1,1,NA,NA,40,0.026527,0.029843,NA
FWF,FWF4_2020,2020,2020-04-10,1,NA,NA,NA,NA,survived,NA,NA,NA,NA,NA,NA,NA,NA,NA,NA,NA,NA,NA,NA,NA,lab,"NA,NA",1,1,NA,NA,40,0.026527,0.029843,NA
FWF,FWF5_2020,2020,2020-04-10,1,NA,2020-05-16,2020-05-26,0,survived,NA,NA,NA,NA,NA,NA,NA,NA,NA,NA,NA,NA,NA,0,NA,lab,"NA,NA",1,1,NA,NA,40,0.026527,0.029843,NA
FWF,FWF6_2020,2020,2020-04-10,1,NA,2020-05-08,2020-05-16,0,survived,NA,NA,NA,NA,NA,NA,NA,NA,NA,NA,NA,NA,NA,0,NA,lab,"NA,NA",1,1,NA,NA,40,0.026527,0.029843,NA
FWF,FWF7_2020,2020,2020-04-10,1,NA,2020-05-01,2020-05-08,0,survived,NA,NA,NA,NA,NA,NA,NA,NA,NA,NA,NA,NA,NA,0,NA,lab,"NA,NA",1,1,NA,NA,40,0.026527,0.029843,NA
FWF,FWF8_2020,2020,2020-04-10,0,2020-05-01,NA,NA,0,unknown,NA,19,2020-06-14,virus,f,0,1,m,pretty sure,1.072,larva,m,0,0,0,lab,"NA,NA",0,0,0,m,40,0.026527,0.029843,larva
FWF,FWF9_2020,2020,2020-04-10,1,NA,NA,2020-05-08,0,survived,NA,NA,NA,NA,NA,NA,NA,NA,NA,NA,NA,NA,NA,0,NA,lab,"NA,NA",1,1,NA,NA,40,0.026527,0.029843,NA
FWF,FWF10_2020,2020,2020-04-10,0,NA,NA,NA,0,NA,NA,NA,NA,NA,NA,NA,NA,NA,NA,NA,NA,NA,NA,NA,NA,lab,"NA,NA",0,0,NA,NA,40,0.026527,0.029843,NA
FWF,FWF11_2020,2020,2020-04-10,0,NA,2020-04-25,NA,0,unknown,NA,NA,NA,NA,NA,NA,NA,NA,NA,NA,NA,NA,NA,NA,NA,lab,"NA,NA",0,1,NA,NA,40,0.026527,0.029843,NA
YRK,YRK1_2020,2020,2020-04-13,1,NA,2020-05-08,2020-05-16,0,survived,NA,NA,NA,NA,NA,NA,NA,NA,NA,NA,NA,NA,NA,0,NA,lab,"NA,NA",1,1,NA,NA,43,0.064362,0.079109,NA
YRK,YRK2_2020,2020,2020-04-13,1,NA,NA,2020-05-01,0,survived,NA,NA,NA,NA,NA,NA,NA,NA,NA,NA,NA,NA,NA,0,NA,lab,"NA,NA",1,1,NA,NA,43,0.064362,0.079109,NA
YRK,YRK3_2020,2020,2020-04-13,1,NA,2020-05-05,2020-05-12,0,survived,NA,NA,NA,NA,NA,NA,NA,NA,NA,NA,NA,NA,NA,0,NA,lab,"NA,NA",1,1,NA,NA,43,0.064362,0.079109,NA
YRK,YRK4_2020,2020,2020-04-13,0,2020-05-08,NA,NA,0,virus,NA,7,2020-06-10,virus,f,0,1,h,very sure,0.741,larva,m,0,0,0,lab,"NA,NA",0,0,0,h,43,0.064362,0.079109,larva
YRK,YRK5_2020,2020,2020-04-13,0,NA,2020-04-21,NA,2,parasite,NA,NA,NA,NA,NA,NA,NA,NA,NA,NA,NA,NA,NA,1,NA,lab,"NA,NA",0,1,NA,NA,43,0.064362,0.079109,NA
YRK,YRK6_2020,2020,2020-04-13,1,NA,2020-05-01,2020-05-08,0,survived,NA,NA,NA,NA,NA,NA,NA,NA,NA,NA,NA,NA,NA,0,NA,lab,"NA,NA",1,1,NA,NA,43,0.064362,0.079109,NA
YRK,YRK7_2020,2020,2020-04-13,1,NA,2020-05-01,2020-05-12,0,survived,NA,NA,NA,NA,NA,NA,NA,NA,NA,NA,NA,NA,NA,0,NA,lab,"NA,NA",1,1,NA,NA,43,0.064362,0.079109,NA
YRK,YRK8_2020,2020,2020-04-13,0,2020-05-20,2020-05-08,NA,0,unknown,NA,9,2020-06-10,virus,NA,0,1,sh,very sure,0.613,pupa,NA,0,0,0,lab,"NA,evidence of failed pupation, dried up sample",0,1,0,sh,43,0.064362,0.079109,pupa
YRK,YRK9_2020,2020,2020-04-13,0,2020-05-19,NA,NA,0,unknown,NA,8,2020-06-10,virus,f,0,1,h,very sure,1.327,larva,h,0,0,0,lab,"NA,murky hemolymph",0,0,0,h,43,0.064362,0.079109,larva
YRK,YRK10_2020,2020,2020-04-13,1,NA,2020-04-25,2020-05-01,0,survived,NA,NA,NA,NA,NA,NA,NA,NA,NA,NA,NA,NA,NA,0,NA,lab,"NA,NA",1,1,NA,NA,43,0.064362,0.079109,NA
YRK,YRK11_2020,2020,2020-04-13,0,2020-05-29,2020-05-16,NA,0,unknown,NA,6,2020-06-10,virus,NA,0,1,sh,very sure,0.421,larva,NA,1,0,0,lab,"NA,dried up sample",0,1,0,sh,43,0.064362,0.079109,larva
CHA,CHA1_2020,2020,2020-04-11,0,2020-04-21,NA,NA,0,unknown,NA,66,2020-06-23,unknown,m,0,1,l,pretty sure,0.431,larva,l,0,0,0,lab,"NA,NA",0,0,0,l,41,0.118349,0.436494,larva
CHA,CHA2_2020,2020,2020-04-11,1,NA,2020-05-12,2020-05-19,0,survived,NA,NA,NA,NA,NA,NA,NA,NA,NA,NA,NA,NA,NA,0,NA,lab,"NA,NA",1,1,NA,NA,41,0.118349,0.436494,NA
CHA,CHA3_2020,2020,2020-04-11,1,NA,NA,2020-05-22,0,survived,NA,NA,NA,NA,NA,NA,NA,NA,NA,NA,NA,NA,NA,0,NA,lab,"NA,NA",1,1,NA,NA,41,0.118349,0.436494,NA
CHA,CHA5_2020,2020,2020-04-11,0,2020-05-12,NA,NA,0,unknown,NA,64,2020-06-23,unknown,f,0,0,uninfected,maybe,1.052,larva,h,0,0,0,lab,"NA,NA",0,0,0,uninfected,41,0.118349,0.436494,larva
CHA,CHA6_2020,2020,2020-04-11,0,2020-05-29,2020-05-12,NA,0,unknown,NA,65,2020-06-23,NA,NA,NA,1,NA,very sure,0.346,larva,NA,1,NA,0,lab,"NA,crappy dried up sample",0,1,NA,NA,41,0.118349,0.436494,larva
CHA,CHA7_2020,2020,2020-04-11,1,NA,NA,2020-05-29,0,survived,NA,NA,NA,NA,NA,NA,NA,NA,NA,NA,NA,NA,NA,0,NA,lab,"NA,NA",1,1,NA,NA,41,0.118349,0.436494,NA
CHA,CHA8_2020,2020,2020-04-11,1,NA,2020-05-22,2020-06-02,0,survived,NA,NA,NA,NA,NA,NA,NA,NA,NA,NA,NA,NA,NA,0,NA,lab,"NA,NA",1,1,NA,NA,41,0.118349,0.436494,NA
CHA,CHA9_2020,2020,2020-04-11,1,NA,2020-05-16,2020-05-26,0,survived,NA,NA,NA,NA,NA,NA,NA,NA,NA,NA,NA,NA,NA,0,NA,lab,"NA,NA",1,1,NA,NA,41,0.118349,0.436494,NA
CHA,CHA10_2020,2020,2020-04-11,1,NA,2020-04-21,2020-04-28,0,survived,NA,NA,NA,NA,NA,NA,NA,NA,NA,NA,NA,NA,NA,0,NA,lab,"NA,NA",1,1,NA,NA,41,0.118349,0.436494,NA
CHA,CHA11_2020,2020,2020-04-11,1,NA,2020-05-12,2020-05-19,0,survived,NA,NA,NA,NA,NA,NA,NA,NA,NA,NA,NA,NA,NA,0,NA,lab,"NA,NA",1,1,NA,NA,41,0.118349,0.436494,NA
CHA,CHA12_2020,2020,2020-04-11,0,2020-05-16,NA,NA,0,unknown,NA,63,2020-06-23,NA,f,NA,1,NA,very sure,0.599,larva,na,1,NA,0,lab,"NA,crappy dried up sample",0,0,NA,NA,41,0.118349,0.436494,larva
CHA,CHA13_2020,2020,2020-04-11,1,NA,2020-05-26,2020-06-02,0,survived,NA,NA,NA,NA,NA,NA,NA,NA,NA,NA,NA,NA,NA,0,NA,lab,"NA,NA",1,1,NA,NA,41,0.118349,0.436494,NA
FVW,FVW1_2020,2020,2020-04-11,0,2020-04-28,NA,NA,0,unknown,NA,NA,NA,NA,NA,NA,NA,NA,NA,NA,NA,NA,NA,NA,NA,lab,"NA,NA",0,0,NA,NA,41,0.099109,3.776573,NA
FVW,FVW2_2020,2020,2020-04-11,0,2020-04-12,NA,NA,0,virus,NA,86,2020-06-24,virus,f,0,1,h,very sure,0.293,larva,l,0,1,0,lab,"NA,evidence of parasite",0,0,0,h,41,0.099109,3.776573,larva
FVW,FVW3_2020,2020,2020-04-11,0,2020-05-16,NA,NA,0,unknown,NA,82,2020-06-24,virus,m,0,1,h,very sure,0.91,larva,h,0,0,0,lab,"NA,NA",0,0,0,h,41,0.099109,3.776573,larva
FVW,FVW4_2020,2020,2020-04-11,0,2020-05-29,2020-05-16,NA,0,unknown,NA,84,2020-06-24,virus,f,0,1,sh,very sure,0.664,pupa,h,0,0,0,lab,"NA,failed pupation",0,1,0,sh,41,0.099109,3.776573,pupa
FVW,FVW5_2020,2020,2020-04-11,0,NA,NA,NA,0,NA,NA,NA,NA,NA,NA,NA,NA,NA,NA,NA,NA,NA,NA,NA,NA,lab,"NA,NA",0,0,NA,NA,41,0.099109,3.776573,NA
FVW,FVW6_2020,2020,2020-04-11,0,2020-05-22,NA,NA,0,unknown,NA,78,2020-06-24,virus,m,0,1,h,pretty sure,0.606,larva,m,0,0,0,lab,"NA,NA",0,0,0,h,41,0.099109,3.776573,larva
FVW,FVW7_2020,2020,2020-04-11,0,NA,NA,NA,0,unknown,NA,NA,NA,NA,NA,NA,NA,NA,NA,NA,NA,NA,NA,NA,NA,lab,"NA,NA",0,0,NA,NA,41,0.099109,3.776573,NA
FVW,FVW8_2020,2020,2020-04-11,1,NA,2020-05-19,2020-05-29,0,survived,NA,NA,NA,NA,NA,NA,NA,NA,NA,NA,NA,NA,NA,0,NA,lab,"NA,NA",1,1,NA,NA,41,0.099109,3.776573,NA
FVW,FVW9_2020,2020,2020-04-11,0,2020-06-29,2020-06-02,NA,0,unknown,NA,123,2020-07-02,virus,f,0,1,sh,very sure,0.44,pupa,h,0,0,0,lab,"NA,failed pupation",0,1,0,sh,41,0.099109,3.776573,pupa
FVW,FVW11_2020,2020,2020-04-11,0,2020-04-21,NA,NA,2,parasite,NA,75,2020-06-24,parasite,f,0,0,uninfected,maybe,0.286,larva,l,0,1,0,lab,"NA,evidence of parasite",0,0,2,uninfected,41,0.099109,3.776573,larva
FVW,FVW12_2020,2020,2020-04-11,0,2020-05-12,NA,NA,0,virus,NA,79,2020-06-24,virus,f,0,1,sh,very sure,0.564,larva,h,0,0,0,lab,"NA,NA",0,0,0,sh,41,0.099109,3.776573,larva
FVW,FVW13_2020,2020,2020-04-11,0,2020-05-12,NA,NA,0,unknown,NA,77,2020-06-24,virus,f,0,1,h,pretty sure,0.696,larva,h,0,0,0,lab,"NA,NA",0,0,0,h,41,0.099109,3.776573,larva
FVW,FVW14_2020,2020,2020-04-11,0,2020-04-21,NA,NA,0,unknown,NA,NA,NA,NA,NA,NA,NA,NA,NA,NA,NA,NA,NA,NA,NA,lab,"NA,NA",0,0,NA,NA,41,0.099109,3.776573,NA
FVW,FVW15_2020,2020,2020-04-11,1,NA,2020-05-22,2020-05-29,0,survived,NA,NA,NA,NA,NA,NA,NA,NA,NA,NA,NA,NA,NA,0,NA,lab,"NA,NA",1,1,NA,NA,41,0.099109,3.776573,NA
FVW,FVW16_2020,2020,2020-04-11,0,2020-05-12,NA,NA,0,virus,NA,83,2020-06-24,virus,m,0,1,sh,very sure,0.63,larva,h,0,0,0,lab,"NA,NA",0,0,0,sh,41,0.099109,3.776573,larva
FVW,FVW17_2020,2020,2020-04-11,0,2020-05-18,NA,NA,0,unknown,NA,87,2020-06-24,virus,m,0,1,sh,very sure,0.801,larva,h,0,0,0,lab,"NA,NA",0,0,0,sh,41,0.099109,3.776573,larva
FVW,FVW18_2020,2020,2020-04-11,0,2020-05-16,NA,NA,0,unknown,NA,76,2020-06-24,virus,m,0,1,sh,very sure,0.647,larva,h,0,0,0,lab,"NA,NA",0,0,0,sh,41,0.099109,3.776573,larva
FVW,FVW19_2020,2020,2020-04-11,0,2020-05-16,NA,NA,0,unknown,NA,80,2020-06-24,virus,m,0,1,h,very sure,0.577,larva,h,0,0,0,lab,"NA,NA",0,0,0,h,41,0.099109,3.776573,larva
FVW,FVW20_2020,2020,2020-04-11,1,NA,2020-05-12,2020-05-19,0,survived,NA,NA,NA,NA,NA,NA,NA,NA,NA,NA,NA,NA,NA,0,NA,lab,"NA,NA",1,1,NA,NA,41,0.099109,3.776573,NA
FVW,FVW21_2020,2020,2020-04-11,0,NA,NA,NA,0,NA,NA,85,2020-06-24,virus,m,0,1,h,very sure,0.616,larva,l,0,0,0,lab,"NA,NA",0,0,0,h,41,0.099109,3.776573,larva
GRO,GRO1_2020,2020,2020-04-11,0,2020-05-12,NA,NA,0,unknown,NA,110,2020-06-24,virus,f,0,1,sh,very sure,0.6,larva,m,0,0,0,lab,"NA,NA",0,0,0,sh,41,0.334536,0.426584,larva
GRO,GRO2_2020,2020,2020-04-11,0,2020-05-26,NA,NA,0,virus,NA,NA,NA,NA,NA,NA,NA,NA,NA,NA,NA,NA,NA,NA,NA,lab,"NA,NA",0,0,NA,NA,41,0.334536,0.426584,NA
GRO,GRO3_2020,2020,2020-04-11,1,NA,2020-05-08,2020-05-16,0,survived,NA,NA,NA,NA,NA,NA,NA,NA,NA,NA,NA,NA,NA,0,NA,lab,"NA,NA",1,1,NA,NA,41,0.334536,0.426584,NA
GRO,GRO4_2020,2020,2020-04-11,1,NA,2020-05-08,2020-05-16,0,survived,NA,NA,NA,NA,NA,NA,NA,NA,NA,NA,NA,NA,NA,0,NA,lab,"NA,NA",1,1,NA,NA,41,0.334536,0.426584,NA
GRO,GRO5_2020,2020,2020-04-11,1,NA,2020-05-05,2020-05-12,0,survived,NA,NA,NA,NA,NA,NA,NA,NA,NA,NA,NA,NA,NA,0,NA,lab,"NA,NA",1,1,NA,NA,41,0.334536,0.426584,NA
GRO,GRO6_2020,2020,2020-04-11,1,NA,2020-05-12,2020-05-19,0,survived,NA,NA,NA,NA,NA,NA,NA,NA,NA,NA,NA,NA,NA,0,NA,lab,"NA,NA",1,1,NA,NA,41,0.334536,0.426584,NA
GRO,GRO7_2020,2020,2020-04-11,0,2020-05-05,NA,NA,0,virus,NA,5,2020-06-10,virus,m,0,1,sh,very sure,0.804,larva,h,0,0,0,lab,"NA,NA",0,0,0,sh,41,0.334536,0.426584,larva
GRO,GRO8_2020,2020,2020-04-11,1,NA,2020-05-05,2020-05-12,0,survived,NA,NA,NA,NA,NA,NA,NA,NA,NA,NA,NA,NA,NA,0,NA,lab,"NA,NA",1,1,NA,NA,41,0.334536,0.426584,NA
GRO,GRO9_2020,2020,2020-04-11,0,2020-04-28,NA,NA,5,parasite,NA,NA,NA,NA,NA,NA,NA,NA,NA,NA,NA,NA,NA,1,NA,lab,"NA,NA",0,0,NA,NA,41,0.334536,0.426584,NA
GRO,GRO10_2020,2020,2020-04-11,0,2020-05-12,NA,NA,0,virus,NA,105,2020-06-24,unknown,f,0,1,l,maybe,0.4,larva,l,0,0,0,lab,"NA,NA",0,0,0,l,41,0.334536,0.426584,larva
GRO,GRO11_2020,2020,2020-04-11,0,2020-04-25,2020-04-25,NA,0,unknown,NA,109,2020-06-24,unknown,m,0,0,uninfected,pretty sure,0.294,larva,l,0,0,0,lab,"NA,NA",0,1,0,uninfected,41,0.334536,0.426584,larva
GRO,GRO12_2020,2020,2020-04-11,0,2020-05-12,NA,NA,0,unknown,NA,118,2020-06-24,virus,f,0,1,h,very sure,0.256,larva,h,0,0,0,lab,"NA,NA",0,0,0,h,41,0.334536,0.426584,larva
GRO,GRO13_2020,2020,2020-04-11,0,NA,2020-05-23,NA,0,unknown,NA,115,2020-06-24,virus,f,0,1,m,very sure,0.809,larva,h,0,0,0,lab,"NA,NA",0,1,0,m,41,0.334536,0.426584,larva
GRO,GRO14_2020,2020,2020-04-11,0,2020-05-05,NA,NA,0,virus,NA,111,2020-06-24,virus,m,0,1,h,very sure,0.714,larva,h,0,0,0,lab,"NA,NA",0,0,0,h,41,0.334536,0.426584,larva
GRO,GRO15_2020,2020,2020-04-11,0,2020-05-01,2020-04-25,NA,2,parasite,NA,NA,NA,NA,NA,NA,NA,NA,NA,NA,NA,NA,NA,1,NA,lab,"NA,NA",0,1,NA,NA,41,0.334536,0.426584,NA
GRO,GRO16_2020,2020,2020-04-11,0,2020-05-22,NA,NA,0,unknown,NA,106,2020-06-24,virus,NA,0,1,sh,very sure,0.817,larva,NA,0,0,0,lab,"NA,NA",0,0,0,sh,41,0.334536,0.426584,larva
GRO,GRO17_2020,2020,2020-04-11,1,NA,2020-04-25,2020-05-05,0,survived,NA,NA,NA,NA,NA,NA,NA,NA,NA,NA,NA,NA,NA,0,NA,lab,"NA,NA",1,1,NA,NA,41,0.334536,0.426584,NA
GRO,GRO18_2020,2020,2020-04-11,0,2020-05-20,NA,NA,0,virus,NA,120,2020-06-24,virus,f,0,1,sh,very sure,0.774,larva,h,0,0,0,lab,"NA,NA",0,0,0,sh,41,0.334536,0.426584,larva
GRO,GRO19_2020,2020,2020-04-11,0,2020-05-16,NA,NA,0,unknown,NA,113,2020-06-24,virus,f,0,1,sh,very sure,0.923,larva,h,0,0,0,lab,"NA,NA",0,0,0,sh,41,0.334536,0.426584,larva
GRO,GRO20_2020,2020,2020-04-11,0,2020-05-26,NA,NA,0,virus,NA,256,2020-08-25,virus_parasite,f,0,1,sh,very sure,NA,larva,m,0,1,0,lab,"NA,NA",0,0,0,sh,41,0.334536,0.426584,larva
GRO,GRO21_2020,2020,2020-04-11,0,2020-04-21,NA,NA,0,unknown,NA,112,2020-06-24,unknown,f,0,1,m,very sure,0.35,larva,l,0,0,0,lab,"NA,NA",0,0,0,m,41,0.334536,0.426584,larva
GRO,GRO22_2020,2020,2020-04-11,0,NA,NA,NA,0,NA,NA,117,2020-06-24,virus_parasite,f,1,1,sh,very sure,0.874,larva,h,0,1,0,lab,"NA,NA",0,0,1,sh,41,0.334536,0.426584,larva
GRO,GRO23_2020,2020,2020-04-11,0,NA,NA,NA,0,NA,NA,107,2020-06-24,unknown,f,0,0,uninfected,maybe,0.866,larva,h,0,0,0,lab,"NA,NA",0,0,0,uninfected,41,0.334536,0.426584,larva
GRO,GRO24_2020,2020,2020-04-11,0,2020-05-16,NA,NA,0,unknown,NA,108,2020-06-24,virus,f,0,1,sh,very sure,0.919,larva,h,0,0,0,lab,"NA,NA",0,0,0,sh,41,0.334536,0.426584,larva
GRO,GRO25_2020,2020,2020-04-11,1,NA,2020-05-08,2020-05-16,0,survived,NA,NA,NA,NA,NA,NA,NA,NA,NA,NA,NA,NA,NA,0,NA,lab,"NA,NA",1,1,NA,NA,41,0.334536,0.426584,NA
GRO,GRO26_2020,2020,2020-04-11,0,2020-05-29,2020-05-12,NA,2,parasite,NA,119,2020-06-24,virus,m,0,1,sh,very sure,0.682,pupa,h,0,0,0,lab,"NA,failed pupation",0,1,2,sh,41,0.334536,0.426584,pupa
GRO,GRO27_2020,2020,2020-04-11,0,2020-05-29,2020-05-26,NA,0,virus,NA,NA,NA,NA,NA,NA,NA,NA,NA,NA,NA,NA,NA,NA,NA,lab,"NA,NA",0,1,NA,NA,41,0.334536,0.426584,NA
GRO,GRO28_2020,2020,2020-04-11,0,NA,NA,NA,0,NA,NA,NA,NA,NA,NA,NA,NA,NA,NA,NA,NA,NA,NA,NA,NA,lab,"NA,NA",0,0,NA,NA,41,0.334536,0.426584,NA
GRO,GRO29_2020,2020,2020-04-11,0,2020-05-29,2020-05-12,NA,0,unknown,NA,116,2020-06-24,virus,NA,NA,1,NA,very sure,0.344,larva,NA,1,NA,0,lab,"NA,dried up crappy sample",0,1,NA,NA,41,0.334536,0.426584,larva
GRO,GRO30_2020,2020,2020-04-11,0,2020-05-19,NA,NA,0,virus,NA,114,2020-06-24,virus,m,0,1,h,very sure,0.567,larva,h,0,0,0,lab,"NA,NA",0,0,0,h,41,0.334536,0.426584,larva
POB,POB1_2020,2020,2020-04-11,0,2020-05-16,NA,NA,0,unknown,NA,88,2020-06-24,virus,f,0,1,h,very sure,1.109,larva,h,0,0,0,lab,"NA,NA",0,0,0,h,41,0.106765,0.298943,larva
POB,POB2_2020,2020,2020-04-11,0,2020-05-08,NA,NA,0,unknown,NA,90,2020-06-24,unknown,m,0,0,uninfected,maybe,0.326,larva,l,0,0,0,lab,"NA,NA",0,0,0,uninfected,41,0.106765,0.298943,larva
POB,POB3_2020,2020,2020-04-11,0,2020-05-26,NA,NA,0,unknown,NA,99,2020-06-24,virus,f,0,1,sh,pretty sure,0.683,larva,m,0,0,0,lab,"NA,NA",0,0,0,sh,41,0.106765,0.298943,larva
POB,POB5_2020,2020,2020-04-11,0,2020-04-28,NA,NA,0,unknown,NA,100,2020-06-24,virus,f,0,1,h,pretty sure,0.701,larva,m,0,0,0,lab,"NA,NA",0,0,0,h,41,0.106765,0.298943,larva
POB,POB6_2020,2020,2020-04-11,1,NA,2020-05-22,2020-06-02,0,survived,NA,NA,NA,NA,NA,NA,NA,NA,NA,NA,NA,NA,NA,0,NA,lab,"NA,NA",1,1,NA,NA,41,0.106765,0.298943,NA
POB,POB7_2020,2020,2020-04-11,0,NA,NA,NA,0,NA,NA,89,2020-06-24,virus_parasite,f,0,1,l,very sure,0.377,larva,l,0,1,0,lab,"NA,evidence of parasite",0,0,0,l,41,0.106765,0.298943,larva
POB,POB8_2020,2020,2020-04-11,0,NA,NA,NA,0,virus,NA,95,2020-06-24,virus,f,0,1,sh,very sure,0.892,larva,h,0,1,0,lab,"NA,evidence of parasite",0,0,0,sh,41,0.106765,0.298943,larva
POB,POB9_2020,2020,2020-04-11,1,NA,2020-05-16,2020-05-26,0,survived,NA,NA,NA,NA,NA,NA,NA,NA,NA,NA,NA,NA,NA,0,NA,lab,"NA,NA",1,1,NA,NA,41,0.106765,0.298943,NA
POB,POB10_2020,2020,2020-04-11,0,2020-05-22,NA,NA,0,unknown,NA,91,2020-06-24,virus,m,0,1,sh,pretty sure,0.721,larva,h,0,0,0,lab,"NA,NA",0,0,0,sh,41,0.106765,0.298943,larva
POB,POB11_2020,2020,2020-04-11,0,2020-05-16,NA,NA,0,unknown,NA,92,2020-06-24,virus,f,0,1,h,pretty sure,1.078,larva,m,0,0,0,lab,"NA,NA",0,0,0,h,41,0.106765,0.298943,larva
POB,POB12_2020,2020,2020-04-11,0,2020-05-16,NA,NA,0,unknown,NA,102,2020-06-24,virus,f,0,1,h,pretty sure,0.845,larva,m,0,0,0,lab,"NA,NA",0,0,0,h,41,0.106765,0.298943,larva
POB,POB13_2020,2020,2020-04-11,0,2020-04-25,NA,NA,2,parasite,NA,NA,NA,NA,NA,NA,NA,NA,NA,NA,NA,NA,NA,1,NA,lab,"NA,NA",0,0,NA,NA,41,0.106765,0.298943,NA
POB,POB14_2020,2020,2020-04-11,0,2020-05-29,2020-05-16,NA,0,virus,NA,103,2020-06-24,virus,f,0,1,sh,pretty sure,0.881,larva,h,0,0,0,lab,"NA,NA",0,1,0,sh,41,0.106765,0.298943,larva
POB,POB15_2020,2020,2020-04-11,0,2020-05-16,NA,NA,2,parasite,NA,104,2020-06-24,unknown,NA,0,0,uninfected,maybe,0.377,larva,l,0,0,0,lab,"NA,NA",0,0,2,uninfected,41,0.106765,0.298943,larva
POB,POB16_2020,2020,2020-04-11,0,2020-05-08,NA,NA,0,unknown,NA,93,2020-06-24,virus_parasite,m,0,1,m,very sure,0.693,larva,m,0,1,0,lab,"NA,NA",0,0,0,m,41,0.106765,0.298943,larva
POB,POB17_2020,2020,2020-04-11,1,NA,2020-05-16,2020-05-26,0,survived,NA,NA,NA,NA,NA,NA,NA,NA,NA,NA,NA,NA,NA,0,NA,lab,"NA,NA",1,1,NA,NA,41,0.106765,0.298943,NA
POB,POB18_2020,2020,2020-04-11,0,2020-05-16,NA,NA,1,parasite,NA,257,2020-08-25,virus,f,0,1,sh,very sure,NA,larva,h,0,0,0,lab,"NA,NA",0,0,1,sh,41,0.106765,0.298943,larva
POB,POB19_2020,2020,2020-04-11,0,2020-05-08,NA,NA,4,parasite,NA,NA,NA,NA,NA,NA,NA,NA,NA,NA,NA,NA,NA,1,NA,lab,"NA,NA",0,0,NA,NA,41,0.106765,0.298943,NA
POB,POB20_2020,2020,2020-04-11,0,2020-06-29,2020-05-22,NA,0,unknown,NA,124,2020-07-02,virus,NA,0,1,sh,very sure,0.234,larva,NA,0,0,0,lab,"NA,NA",0,1,0,sh,41,0.106765,0.298943,larva
POB,POB21_2020,2020,2020-04-11,1,NA,2020-05-19,2020-05-29,0,survived,NA,NA,NA,NA,NA,NA,NA,NA,NA,NA,NA,NA,NA,0,NA,lab,"NA,NA",1,1,NA,NA,41,0.106765,0.298943,NA
POB,POB22_2020,2020,2020-04-11,0,NA,NA,NA,0,NA,NA,98,2020-06-24,virus,m,0,1,h,very sure,0.777,larva,h,0,0,0,lab,"NA,NA",0,0,0,h,41,0.106765,0.298943,larva
POB,POB23_2020,2020,2020-04-11,1,NA,2020-05-26,2020-05-22,0,survived,NA,NA,NA,NA,NA,NA,NA,NA,NA,NA,NA,NA,NA,0,NA,lab,"NA,NA",1,1,NA,NA,41,0.106765,0.298943,NA
POB,POB24_2020,2020,2020-04-11,0,NA,NA,NA,0,NA,NA,NA,NA,NA,NA,NA,NA,NA,NA,NA,NA,NA,NA,NA,NA,lab,"NA,NA",0,0,NA,NA,41,0.106765,0.298943,NA
POB,POB25_2020,2020,2020-04-11,1,NA,2020-05-26,2020-06-02,0,survived,NA,NA,NA,NA,NA,NA,NA,NA,NA,NA,NA,NA,NA,0,NA,lab,"NA,NA",1,1,NA,NA,41,0.106765,0.298943,NA
POB,POB26_2020,2020,2020-04-11,0,2020-05-29,2020-05-22,NA,3,parasite,NA,125,2020-07-02,virus_parasite,NA,NA,1,NA,pretty sure,0.17,larva,NA,1,0,0,lab,"NA,NA",0,1,NA,NA,41,0.106765,0.298943,larva
POB,POB27_2020,2020,2020-04-11,0,2020-05-29,NA,NA,0,virus,NA,101,2020-06-24,virus,m,0,1,h,pretty sure,0.549,larva,h,0,0,0,lab,"NA,NA",0,0,0,h,41,0.106765,0.298943,larva
POB,POB28_2020,2020,2020-04-11,0,2020-05-12,NA,NA,0,unknown,NA,96,2020-06-24,virus,f,0,1,h,maybe,0.955,larva,h,0,0,0,lab,"NA,NA",0,0,0,h,41,0.106765,0.298943,larva
POB,POB29_2020,2020,2020-04-11,0,2020-05-16,NA,NA,3,parasite,NA,NA,NA,NA,NA,NA,NA,NA,NA,NA,NA,NA,NA,1,NA,lab,"NA,NA",0,0,NA,NA,41,0.106765,0.298943,NA
POB,POB30_2020,2020,2020-04-11,0,2020-07-03,NA,NA,0,virus,NA,94,2020-06-24,virus,f,0,1,sh,very sure,0.801,larva,h,0,0,0,lab,"NA,NA",0,0,0,sh,41,0.106765,0.298943,larva
POB,POB31_2020,2020,2020-04-11,1,NA,2020-05-19,2020-05-20,0,survived,NA,NA,NA,NA,NA,NA,NA,NA,NA,NA,NA,NA,NA,0,NA,lab,"NA,NA",1,1,NA,NA,41,0.106765,0.298943,NA
POB,POB32_2020,2020,2020-04-11,0,2020-05-01,NA,NA,0,unknown,NA,NA,NA,NA,NA,NA,NA,NA,NA,NA,NA,NA,NA,NA,NA,lab,"NA,NA",0,0,NA,NA,41,0.106765,0.298943,NA
POB,POB33_2020,2020,2020-04-11,0,2020-05-16,NA,NA,0,unknown,NA,NA,NA,NA,NA,NA,NA,NA,NA,NA,NA,NA,NA,NA,NA,lab,"NA,NA",0,0,NA,NA,41,0.106765,0.298943,NA
POB,POB34_2020,2020,2020-04-11,1,NA,2020-06-02,NA,NA,survived,NA,NA,NA,NA,NA,NA,NA,NA,NA,NA,NA,NA,NA,NA,NA,lab,"NA,NA",1,1,NA,NA,41,0.106765,0.298943,NA
SHP,SHP1_2020,2020,2020-04-11,0,2020-04-25,NA,NA,0,unknown,NA,NA,NA,NA,NA,NA,NA,NA,NA,NA,NA,NA,NA,NA,NA,lab,"NA,NA",0,0,NA,NA,41,0.011762,0.035285,NA
RKP,RKP1_2020,2020,2020-04-11,0,2020-04-25,NA,NA,0,unknown,NA,NA,NA,NA,NA,NA,NA,NA,NA,NA,NA,NA,NA,NA,NA,lab,"NA,NA",0,0,NA,NA,41,0,0.933676,NA
RKP,RKP2_2020,2020,2020-04-11,0,2020-04-25,NA,NA,1,parasite,NA,68,2020-06-23,parasite,f,0,0,uninfected,pretty sure,0.284,larva,l,0,1,0,lab,"NA,evidence of parasite",0,0,1,uninfected,41,0,0.933676,larva
LOY,LOY1_2020,2020,2020-05-30,0,2020-07-07,NA,NA,0,virus,NA,150,2020-07-19,virus,f,0,1,sh,very sure,0.668,larva,h,0,0,0,lab,"NA,NA",0,0,0,sh,90,0.015544,0.150259,larva
LOY,LOY2_2020,2020,2020-05-30,1,NA,2020-06-05,2020-06-12,0,survived,NA,NA,NA,NA,NA,NA,NA,NA,NA,NA,NA,NA,NA,0,NA,lab,"NA,NA",1,1,NA,NA,90,0.015544,0.150259,NA
LOY,LOY3_2020,2020,2020-05-30,1,NA,2020-06-12,2020-06-17,0,survived,NA,NA,NA,NA,NA,NA,NA,NA,NA,NA,NA,NA,NA,0,NA,lab,"NA,NA",1,1,NA,NA,90,0.015544,0.150259,NA
LOY,LOY4_2020,2020,2020-05-30,0,2020-06-05,NA,NA,0,virus,NA,121,2020-07-02,virus,m,0,1,sh,very sure,0.185,larva,h,0,0,0,lab,"NA,NA",0,0,0,sh,90,0.015544,0.150259,larva
LOY,LOY5_2020,2020,2020-05-30,0,2020-06-12,NA,NA,0,virus,NA,122,2020-07-02,virus,f,0,1,m,very sure,0.28,larva,m,0,0,0,lab,"NA,NA",0,0,0,m,90,0.015544,0.150259,larva
LOY,LOY6_2020,2020,2020-05-30,0,2020-07-07,NA,NA,0,virus,NA,149,2020-07-19,virus,f,0,1,sh,very sure,0.584,larva,h,0,0,0,lab,"NA,NA",0,0,0,sh,90,0.015544,0.150259,larva
BMR,BMR20_2020,NA,NA,NA,NA,NA,NA,NA,NA,NA,15,2020-06-14,virus,f,0,1,h,pretty sure,0.367,larva,h,0,0,0,lab,"NA,NA",NA,NA,NA,h,24,0.737981,4.108579,larva
BMR,BMRpu1_2020,NA,NA,NA,NA,NA,NA,NA,NA,NA,158,2020-07-20,virus,NA,NA,1,sh,maybe,0.221,pupa,NA,1,NA,0,lab,"NA,NA",NA,NA,NA,sh,24,0.737981,4.108579,pupa
BMR,BMRpu2_2020,NA,NA,NA,NA,NA,NA,NA,NA,NA,159,2020-07-20,virus,NA,NA,1,sh,maybe,0.168,pupa,NA,1,NA,0,lab,"NA,NA",NA,NA,NA,sh,24,0.737981,4.108579,pupa
BMR,BMRad1_2020,NA,NA,NA,NA,NA,NA,NA,NA,NA,160,2020-07-20,virus_natural,m,NA,1,m,very sure,0.111,adult,NA,1,NA,0,lab,"NA,NA",NA,NA,NA,m,24,0.737981,4.108579,adult
CHA,CHAad1_2020,NA,NA,NA,NA,NA,NA,NA,NA,NA,173,2020-07-20,virus_natural,f,NA,1,m,very sure,0.097,adult,NA,1,NA,0,lab,"NA,NA",NA,NA,NA,m,41,0.118349,0.436494,adult
CHA,CHAad2_2020,NA,NA,NA,NA,NA,NA,NA,NA,NA,174,2020-07-20,virus_natural,m,NA,1,sh,very sure,0.082,adult,NA,1,NA,0,lab,"NA,NA",NA,NA,NA,sh,41,0.118349,0.436494,adult
CHA,CHApu1_2020,NA,NA,NA,NA,NA,NA,NA,NA,NA,181,2020-07-21,virus,NA,NA,1,sh,very sure,0.468,pupa,NA,1,NA,0,lab,"NA,NA",NA,NA,NA,sh,41,0.118349,0.436494,pupa
CHA,CHApu2_2020,NA,NA,NA,NA,NA,NA,NA,NA,NA,182,2020-07-21,virus,NA,NA,1,sh,very sure,0.207,pupa,NA,1,NA,0,lab,"NA,NA",NA,NA,NA,sh,41,0.118349,0.436494,pupa
CHA,CHApu3_2020,NA,NA,NA,NA,NA,NA,NA,NA,NA,183,2020-07-21,virus,NA,NA,1,sh,very sure,0.176,pupa,NA,1,NA,0,lab,"NA,NA",NA,NA,NA,sh,41,0.118349,0.436494,pupa
CHA,CHApu4_2020,NA,NA,NA,NA,NA,NA,NA,NA,NA,184,2020-07-21,virus,NA,NA,1,sh,very sure,0.138,pupa,NA,1,NA,0,lab,"NA,NA",NA,NA,NA,sh,41,0.118349,0.436494,pupa
FRP,FRPpu1_2020,NA,NA,NA,NA,NA,NA,NA,NA,NA,163,2020-07-20,virus,NA,NA,1,sh,very sure,0.1,pupa,NA,1,NA,0,lab,"NA,NA",NA,NA,NA,sh,0,0.058611,0.18822,pupa
FRP,FRPpu2_2020,NA,NA,NA,NA,NA,NA,NA,NA,NA,164,2020-07-20,virus,NA,NA,1,sh,very sure,0.13,pupa,NA,1,NA,0,lab,"NA,NA",NA,NA,NA,sh,0,0.058611,0.18822,pupa
FRP,FRPpu3_2020,NA,NA,NA,NA,NA,NA,NA,NA,NA,165,2020-07-20,virus,NA,NA,1,sh,pretty sure,0.16,pupa,NA,1,NA,0,lab,"NA,NA",NA,NA,NA,sh,0,0.058611,0.18822,pupa
FRP,FRPpu4_2020,NA,NA,NA,NA,NA,NA,NA,NA,NA,166,2020-07-20,virus,NA,NA,1,sh,pretty sure,0.063,pupa,NA,1,NA,0,lab,"NA,NA",NA,NA,NA,sh,0,0.058611,0.18822,pupa
FRP,FRPpu5_2020,NA,NA,NA,NA,NA,NA,NA,NA,NA,167,2020-07-20,virus,NA,NA,1,sh,pretty sure,0.088,pupa,NA,1,NA,0,lab,"NA,NA",NA,NA,NA,sh,0,0.058611,0.18822,pupa
FRP,FRPpu6_2020,NA,NA,NA,NA,NA,NA,NA,NA,NA,168,2020-07-20,virus,m,NA,1,sh,very sure,0.093,adult,NA,1,NA,0,lab,"NA,adult stuck in chrysalis",NA,NA,NA,sh,0,0.058611,0.18822,adult
FRP,FRPad1_2020,NA,NA,NA,NA,NA,NA,NA,NA,NA,175,2020-07-21,virus_natural,f,NA,1,sh,very sure,0.146,adult,NA,1,NA,0,lab,"NA,NA",NA,NA,NA,sh,0,0.058611,0.18822,adult
FRP,FRPad2_2020,NA,NA,NA,NA,NA,NA,NA,NA,NA,176,2020-07-21,virus_natural,f,NA,1,m,very sure,0.113,adult,NA,1,NA,0,lab,"NA,NA",NA,NA,NA,m,0,0.058611,0.18822,adult
FRP,FRPad3_2020,NA,NA,NA,NA,NA,NA,NA,NA,NA,177,2020-07-21,virus_natural,f,NA,1,l,maybe,0.133,adult,NA,1,NA,0,lab,"NA,NA",NA,NA,NA,l,0,0.058611,0.18822,adult
FRP,FRPad4_2020,NA,NA,NA,NA,NA,NA,NA,NA,NA,178,2020-07-21,virus_natural,m,NA,1,m,very sure,0.116,adult,NA,1,NA,0,lab,"NA,NA",NA,NA,NA,m,0,0.058611,0.18822,adult
FRP,FRPad5_2020,NA,NA,NA,NA,NA,NA,NA,NA,NA,179,2020-07-21,virus_natural,m,NA,1,l,very sure,0.067,adult,NA,1,NA,0,lab,"NA,NA",NA,NA,NA,l,0,0.058611,0.18822,adult
FRP,FRPad6_2020,NA,NA,NA,NA,NA,NA,NA,NA,NA,180,2020-07-21,virus_natural,m,NA,1,h,very sure,0.098,adult,NA,1,NA,0,lab,"NA,NA",NA,NA,NA,h,0,0.058611,0.18822,adult
FVW,FVW10_2020,NA,NA,NA,NA,NA,NA,NA,NA,NA,81,2020-06-24,virus,f,0,1,m,pretty sure,0.729,larva,h,0,0,0,lab,"NA,NA",NA,NA,NA,m,41,0.099109,3.776573,larva
FVW,FVWpu1_2020,NA,NA,NA,NA,NA,NA,NA,NA,NA,161,2020-07-20,virus,NA,NA,1,sh,very sure,0.168,pupa,NA,1,NA,0,lab,"NA,NA",NA,NA,NA,sh,41,0.099109,3.776573,pupa
FVW,FVWpu2_2020,NA,NA,NA,NA,NA,NA,NA,NA,NA,162,2020-07-20,virus,NA,NA,1,sh,very sure,0.131,pupa,NA,1,NA,0,lab,"NA,NA",NA,NA,NA,sh,41,0.099109,3.776573,pupa
FVW,FVWad1_2020,NA,NA,NA,NA,NA,NA,NA,NA,NA,169,2020-07-20,virus,f,NA,1,sh,very sure,0.101,adult,NA,1,NA,0,lab,"NA,NA",NA,NA,NA,sh,41,0.099109,3.776573,adult
FWF,FWFad1_2020,NA,NA,NA,NA,NA,NA,NA,NA,NA,236,2020-07-21,virus_natural,m,NA,1,h,very sure,0.098,adult,NA,1,NA,0,lab,"NA,NA",NA,NA,NA,h,40,0.026527,0.029843,adult
FWF,FWFad2_2020,NA,NA,NA,NA,NA,NA,NA,NA,NA,237,2020-07-21,virus,m,NA,1,sh,very sure,0.07,adult,NA,1,NA,0,lab,"NA,NA",NA,NA,NA,sh,40,0.026527,0.029843,adult
FWF,FWFpu1_2020,NA,NA,NA,NA,NA,NA,NA,NA,NA,238,2020-07-21,virus,NA,NA,1,sh,pretty sure,0.123,pupa,NA,1,NA,0,lab,"NA,NA",NA,NA,NA,sh,40,0.026527,0.029843,pupa
FWF,FWFpu2_2020,NA,NA,NA,NA,NA,NA,NA,NA,NA,239,2020-07-21,virus,NA,NA,1,sh,pretty sure,0.156,pupa,NA,1,NA,0,lab,"NA,NA",NA,NA,NA,sh,40,0.026527,0.029843,pupa
FWF,FWFpu3_2020,NA,NA,NA,NA,NA,NA,NA,NA,NA,240,2020-07-21,virus,NA,NA,1,h,pretty sure,0.261,pupa,NA,1,NA,0,lab,"NA,NA",NA,NA,NA,h,40,0.026527,0.029843,pupa
FWF,FWFpu4_2020,NA,NA,NA,NA,NA,NA,NA,NA,NA,241,2020-07-21,virus,NA,NA,1,sh,pretty sure,0.136,pupa,NA,1,NA,0,lab,"NA,NA",NA,NA,NA,sh,40,0.026527,0.029843,pupa
FWF,FWFpu5_2020,NA,NA,NA,NA,NA,NA,NA,NA,NA,242,2020-07-21,virus,NA,NA,1,sh,pretty sure,0.144,pupa,NA,1,NA,0,lab,"NA,NA",NA,NA,NA,sh,40,0.026527,0.029843,pupa
GGT,GGTad1_2020,NA,NA,NA,NA,NA,NA,NA,NA,NA,151,2020-07-20,natural,m,NA,0,uninfected,maybe,0.104,adult,NA,1,NA,0,lab,"NA,NA",NA,NA,NA,uninfected,12,0.068001,0.036357,adult
GGT,GGTad2_2020,NA,NA,NA,NA,NA,NA,NA,NA,NA,152,2020-07-20,virus_natural,m,NA,1,l,very sure,0.079,adult,NA,1,NA,0,lab,"NA,NA",NA,NA,NA,l,12,0.068001,0.036357,adult
GGT,GGTad3_2020,NA,NA,NA,NA,NA,NA,NA,NA,NA,153,2020-07-20,virus_natural,m,NA,1,sh,very sure,0.089,adult,NA,1,NA,0,lab,"NA,NA",NA,NA,NA,sh,12,0.068001,0.036357,adult
GGT,GGTad4_2020,NA,NA,NA,NA,NA,NA,NA,NA,NA,154,2020-07-20,virus_natural,m,NA,1,l,very sure,0.121,adult,NA,1,NA,0,lab,"NA,NA",NA,NA,NA,l,12,0.068001,0.036357,adult
GGT,GGTad5_2020,NA,NA,NA,NA,NA,NA,NA,NA,NA,155,2020-07-20,virus,m,NA,1,sh,very sure,0.123,adult,NA,1,NA,0,lab,"NA,NA",NA,NA,NA,sh,12,0.068001,0.036357,adult
GGT,GGTad6_2020,NA,NA,NA,NA,NA,NA,NA,NA,NA,156,2020-07-20,natural,f,NA,0,uninfected,maybe,0.131,adult,NA,1,NA,0,lab,"NA,NA",NA,NA,NA,uninfected,12,0.068001,0.036357,adult
GGT,GGTad7_2020,NA,NA,NA,NA,NA,NA,NA,NA,NA,157,2020-07-20,natural,f,NA,0,uninfected,maybe,0.134,adult,NA,1,NA,0,lab,"NA,NA",NA,NA,NA,uninfected,12,0.068001,0.036357,adult
GGT,GGTpu1_2020,NA,NA,NA,NA,NA,NA,NA,NA,NA,170,2020-07-20,virus,NA,NA,1,sh,pretty sure,0.128,pupa,NA,1,NA,0,lab,"NA,NA",NA,NA,NA,sh,12,0.068001,0.036357,pupa
GGT,GGTpu2_2020,NA,NA,NA,NA,NA,NA,NA,NA,NA,171,2020-07-20,virus,NA,NA,1,sh,very sure,0.163,pupa,NA,1,NA,0,lab,"NA,NA",NA,NA,NA,sh,12,0.068001,0.036357,pupa
GRO,GROpu1_2020,NA,NA,NA,NA,NA,NA,NA,NA,NA,205,2020-07-21,virus,NA,NA,1,sh,pretty sure,0.186,pupa,NA,1,NA,0,lab,"NA,NA",NA,NA,NA,sh,41,0.334536,0.426584,pupa
GRO,GROpu2_2020,NA,NA,NA,NA,NA,NA,NA,NA,NA,206,2020-07-21,virus,NA,NA,1,h,very sure,0.161,pupa,NA,1,NA,0,lab,"NA,NA",NA,NA,NA,h,41,0.334536,0.426584,pupa
GRO,GROpu3_2020,NA,NA,NA,NA,NA,NA,NA,NA,NA,207,2020-07-21,virus,NA,NA,1,sh,very sure,0.135,pupa,NA,1,NA,0,lab,"NA,NA",NA,NA,NA,sh,41,0.334536,0.426584,pupa
GRO,GROpu4_2020,NA,NA,NA,NA,NA,NA,NA,NA,NA,208,2020-07-21,virus,NA,NA,1,sh,very sure,0.238,pupa,NA,1,NA,0,lab,"NA,NA",NA,NA,NA,sh,41,0.334536,0.426584,pupa
GRO,GROpu5_2020,NA,NA,NA,NA,NA,NA,NA,NA,NA,209,2020-07-21,virus,NA,NA,1,sh,very sure,NA,pupa,NA,1,NA,0,lab,"NA,NA",NA,NA,NA,sh,41,0.334536,0.426584,pupa
GRO,GROpu6_2020,NA,NA,NA,NA,NA,NA,NA,NA,NA,210,2020-07-21,virus,NA,NA,1,sh,very sure,0.116,pupa,NA,1,NA,0,lab,"NA,NA",NA,NA,NA,sh,41,0.334536,0.426584,pupa
GRO,GROad1_2020,NA,NA,NA,NA,NA,NA,NA,NA,NA,211,2020-07-21,virus_natural,m,NA,1,m,very sure,0.092,adult,NA,1,NA,0,lab,"NA,NA",NA,NA,NA,m,41,0.334536,0.426584,adult
HOS,HOSad1_2020,NA,NA,NA,NA,NA,NA,NA,NA,NA,185,2020-07-21,virus_natural,m,NA,1,l,pretty sure,0.07,adult,NA,1,NA,0,lab,"NA,NA",NA,NA,NA,l,40,0.083516,0.164423,adult
HOS,HOSad2_2020,NA,NA,NA,NA,NA,NA,NA,NA,NA,186,2020-07-21,virus_natural,m,NA,1,h,very sure,0.061,adult,NA,1,NA,0,lab,"NA,NA",NA,NA,NA,h,40,0.083516,0.164423,adult
HOS,HOSad3_2020,NA,NA,NA,NA,NA,NA,NA,NA,NA,187,2020-07-21,virus_natural,f,NA,1,m,very sure,0.08,adult,NA,1,NA,0,lab,"NA,NA",NA,NA,NA,m,40,0.083516,0.164423,adult
HOS,HOSad4_2020,NA,NA,NA,NA,NA,NA,NA,NA,NA,188,2020-07-21,virus_natural,f,NA,1,l,very sure,0.072,adult,NA,1,NA,0,lab,"NA,NA",NA,NA,NA,l,40,0.083516,0.164423,adult
HOS,HOSad5_2020,NA,NA,NA,NA,NA,NA,NA,NA,NA,189,2020-07-21,virus_natural,m,NA,1,m,very sure,0.067,adult,NA,1,NA,0,lab,"NA,NA",NA,NA,NA,m,40,0.083516,0.164423,adult
HOS,HOSad6_2020,NA,NA,NA,NA,NA,NA,NA,NA,NA,190,2020-07-21,virus_natural,m,NA,1,sh,very sure,0.66,adult,NA,1,NA,0,lab,"NA,NA",NA,NA,NA,sh,40,0.083516,0.164423,adult
HOS,HOSad7_2020,NA,NA,NA,NA,NA,NA,NA,NA,NA,191,2020-07-21,virus_natural,m,NA,1,m,pretty sure,0.087,adult,NA,1,NA,0,lab,"NA,NA",NA,NA,NA,m,40,0.083516,0.164423,adult
HOS,HOSad8_2020,NA,NA,NA,NA,NA,NA,NA,NA,NA,192,2020-07-21,virus_natural,m,NA,1,sh,very sure,0.07,adult,NA,1,NA,0,lab,"NA,NA",NA,NA,NA,sh,40,0.083516,0.164423,adult
HOS,HOSad9_2020,NA,NA,NA,NA,NA,NA,NA,NA,NA,193,2020-07-21,virus_natural,f,NA,1,l,very sure,0.096,adult,NA,1,NA,0,lab,"NA,NA",NA,NA,NA,l,40,0.083516,0.164423,adult
HOS,HOSad10_2020,NA,NA,NA,NA,NA,NA,NA,NA,NA,194,2020-07-21,virus_natural,m,NA,1,sh,very sure,0.069,adult,NA,1,NA,0,lab,"NA,NA",NA,NA,NA,sh,40,0.083516,0.164423,adult
HOS,HOSad11_2020,NA,NA,NA,NA,NA,NA,NA,NA,NA,195,2020-07-21,virus_natural,m,NA,1,sh,very sure,0.088,adult,NA,1,NA,0,lab,"NA,NA",NA,NA,NA,sh,40,0.083516,0.164423,adult
HOS,HOSad12_2020,NA,NA,NA,NA,NA,NA,NA,NA,NA,196,2020-07-21,natural,m,NA,0,uninfected,maybe,0.073,adult,NA,1,NA,0,lab,"NA,NA",NA,NA,NA,uninfected,40,0.083516,0.164423,adult
HOS,HOSad13_2020,NA,NA,NA,NA,NA,NA,NA,NA,NA,197,2020-07-21,unknown,f,NA,1,l,pretty sure,0.152,adult,NA,1,NA,0,lab,"NA,NA",NA,NA,NA,l,40,0.083516,0.164423,adult
HOS,HOSad14_2020,NA,NA,NA,NA,NA,NA,NA,NA,NA,198,2020-07-21,unknown,f,NA,1,l,pretty sure,0.089,adult,NA,1,NA,0,lab,"NA,NA",NA,NA,NA,l,40,0.083516,0.164423,adult
HOS,HOSad15_2020,NA,NA,NA,NA,NA,NA,NA,NA,NA,199,2020-07-21,unknown,f,NA,1,l,pretty sure,0.139,adult,NA,1,NA,0,lab,"NA,NA",NA,NA,NA,l,40,0.083516,0.164423,adult
HOS,HOSad16_2020,NA,NA,NA,NA,NA,NA,NA,NA,NA,200,2020-07-21,virus,m,NA,1,sh,very sure,0.107,adult,NA,1,NA,0,lab,"NA,NA",NA,NA,NA,sh,40,0.083516,0.164423,adult
HOS,HOSpu1_2020,NA,NA,NA,NA,NA,NA,NA,NA,NA,201,2020-07-21,virus,m,NA,1,sh,very sure,0.08,adult,NA,1,NA,0,lab,"NA,adult in chrysalis",NA,NA,NA,sh,40,0.083516,0.164423,adult
HOS,HOSpu2_2020,NA,NA,NA,NA,NA,NA,NA,NA,NA,202,2020-07-21,virus,m,NA,1,sh,very sure,0.08,adult,NA,1,NA,0,lab,"NA,adult in chrysalis",NA,NA,NA,sh,40,0.083516,0.164423,adult
LOY,LOYpu1_2020,NA,NA,NA,NA,NA,NA,NA,NA,NA,203,2020-07-21,virus,NA,NA,1,sh,very sure,0.576,pupa,NA,0,NA,0,lab,"NA,NA",NA,NA,NA,sh,90,0.015544,0.150259,pupa
LOY,LOYad1_2020,NA,NA,NA,NA,NA,NA,NA,NA,NA,204,2020-07-21,virus,m,NA,1,h,very sure,0.092,adult,NA,1,NA,0,lab,"NA,NA",NA,NA,NA,h,90,0.015544,0.150259,adult
MSP,MSP3a_2020,NA,NA,NA,NA,NA,NA,NA,NA,NA,23,2020-06-14,virus,m,0,1,h,very sure,0.454,larva,m,0,0,0,lab,"NA,mislabeled",NA,NA,NA,h,24,0.055753,0.074337,larva
MSP,MSP3b_2020,NA,NA,NA,NA,NA,NA,NA,NA,NA,24,2020-06-14,virus,f,0,1,m,pretty sure,0.187,larva,l,0,0,0,lab,"NA,mislabeled",NA,NA,NA,m,24,0.055753,0.074337,larva
MSP,MSPpu1_2020,NA,NA,NA,NA,NA,NA,NA,NA,NA,172,2020-07-20,virus,NA,NA,1,sh,very sure,0.165,pupa,NA,1,NA,0,lab,"NA,NA",NA,NA,NA,sh,24,0.055753,0.074337,pupa
PDM,PDMad1_2020,NA,NA,NA,NA,NA,NA,NA,NA,NA,212,2020-07-21,unknown_natural,m,NA,1,l,pretty sure,0.09,adult,NA,1,NA,0,lab,"NA,NA",NA,NA,NA,l,0,0.022985,0.075522,adult
PDM,PDMad2_2020,NA,NA,NA,NA,NA,NA,NA,NA,NA,213,2020-07-21,virus_natural,f,NA,1,sh,very sure,0.077,adult,NA,1,NA,0,lab,"NA,NA",NA,NA,NA,sh,0,0.022985,0.075522,adult
PDM,PDMad3_2020,NA,NA,NA,NA,NA,NA,NA,NA,NA,214,2020-07-21,virus_natural,f,NA,1,h,very sure,0.166,adult,NA,1,NA,0,lab,"NA,NA",NA,NA,NA,h,0,0.022985,0.075522,adult
PDM,PDMpu1_2020,NA,NA,NA,NA,NA,NA,NA,NA,NA,215,2020-07-21,virus,m,NA,1,m,very sure,0.114,adult,NA,1,NA,0,lab,"NA,adult in chrysalis",NA,NA,NA,m,0,0.022985,0.075522,adult
POB,POBpu1_2020,NA,NA,NA,NA,NA,NA,NA,NA,NA,228,2020-07-21,virus,NA,NA,1,sh,pretty sure,0.155,pupa,NA,1,NA,0,lab,"NA,NA",NA,NA,NA,sh,41,0.106765,0.298943,pupa
POB,POBpu2_2020,NA,NA,NA,NA,NA,NA,NA,NA,NA,229,2020-07-21,virus,f,NA,1,sh,pretty sure,0.188,pupa,NA,1,NA,0,lab,"NA,adult in chrysalis",NA,NA,NA,sh,41,0.106765,0.298943,pupa
POB,POBpu3_2020,NA,NA,NA,NA,NA,NA,NA,NA,NA,230,2020-07-21,virus,NA,NA,1,sh,pretty sure,0.215,pupa,NA,1,NA,0,lab,"NA,NA",NA,NA,NA,sh,41,0.106765,0.298943,pupa
POB,POBpu4_2020,NA,NA,NA,NA,NA,NA,NA,NA,NA,231,2020-07-21,virus,NA,NA,1,sh,pretty sure,0.301,pupa,NA,1,NA,0,lab,"NA,NA",NA,NA,NA,sh,41,0.106765,0.298943,pupa
POB,POBpu5_2020,NA,NA,NA,NA,NA,NA,NA,NA,NA,232,2020-07-21,virus,m,NA,1,sh,pretty sure,0.456,pupa,NA,0,NA,0,lab,"NA,NA",NA,NA,NA,sh,41,0.106765,0.298943,pupa
POB,POBpu6_2020,NA,NA,NA,NA,NA,NA,NA,NA,NA,233,2020-07-21,virus,NA,NA,1,sh,pretty sure,0.197,pupa,NA,1,NA,0,lab,"NA,NA",NA,NA,NA,sh,41,0.106765,0.298943,pupa
POB,POBpu7_2020,NA,NA,NA,NA,NA,NA,NA,NA,NA,234,2020-07-21,virus,NA,NA,1,sh,pretty sure,0.242,pupa,NA,1,NA,0,lab,"NA,NA",NA,NA,NA,sh,41,0.106765,0.298943,pupa
POB,POBad1_2020,NA,NA,NA,NA,NA,NA,NA,NA,NA,235,2020-07-21,virus_natural,m,NA,1,sh,pretty sure,0.082,adult,NA,1,NA,0,lab,"NA,NA",NA,NA,NA,sh,41,0.106765,0.298943,adult
PRN,PRNpu1_2020,NA,NA,NA,NA,NA,NA,NA,NA,NA,216,2020-07-21,virus,NA,NA,1,sh,very sure,0.158,pupa,NA,1,NA,0,lab,"NA,NA",NA,NA,NA,sh,12,0.145535,0.024256,pupa
PRN,PRNpu2_2020,NA,NA,NA,NA,NA,NA,NA,NA,NA,217,2020-07-21,virus,NA,NA,1,sh,very sure,0.162,pupa,NA,1,NA,0,lab,"NA,NA",NA,NA,NA,sh,12,0.145535,0.024256,pupa
PRN,PRNpad1_2020,NA,NA,NA,NA,NA,NA,NA,NA,NA,218,2020-07-21,virus,m,NA,1,m,very sure,0.085,adult,NA,1,NA,0,lab,"NA,adult in chrysalis",NA,NA,NA,m,12,0.145535,0.024256,adult
PRN,PRNpad2_2020,NA,NA,NA,NA,NA,NA,NA,NA,NA,219,2020-07-21,virus,m,NA,1,sh,very sure,0.127,adult,NA,1,NA,0,lab,"NA,adult in chrysalis",NA,NA,NA,sh,12,0.145535,0.024256,adult
PRN,PRNpad3_2020,NA,NA,NA,NA,NA,NA,NA,NA,NA,220,2020-07-21,unknown,f,NA,1,l,very sure,0.181,adult,NA,1,NA,0,lab,"NA,NA",NA,NA,NA,l,12,0.145535,0.024256,adult
PRN,PRNpad4_2020,NA,NA,NA,NA,NA,NA,NA,NA,NA,221,2020-07-21,virus_natural,f,NA,1,h,very sure,0.107,adult,NA,1,NA,0,lab,"NA,NA",NA,NA,NA,h,12,0.145535,0.024256,adult
YRK,YRKpu1_2020,NA,NA,NA,NA,NA,NA,NA,NA,NA,222,2020-07-21,virus,f,NA,1,sh,very sure,0.232,pupa,NA,1,NA,0,lab,"NA,semi-adult",NA,NA,NA,sh,43,0.064362,0.079109,pupa
YRK,YRKpu2_2020,NA,NA,NA,NA,NA,NA,NA,NA,NA,223,2020-07-21,virus,f,NA,1,sh,very sure,0.23,pupa,NA,1,NA,0,lab,"NA,white hair inside cavity, semi-adult",NA,NA,NA,sh,43,0.064362,0.079109,pupa
YRK,YRKpu3_2020,NA,NA,NA,NA,NA,NA,NA,NA,NA,224,2020-07-21,unknown,NA,NA,1,l,very sure,0.199,pupa,NA,1,NA,0,lab,"NA,white hair inside cavity, semi-adult",NA,NA,NA,l,43,0.064362,0.079109,pupa
YRK,YRKad1_2020,NA,NA,NA,NA,NA,NA,NA,NA,NA,225,2020-07-21,virus_natural,f,NA,1,m,very sure,0.057,adult,NA,1,NA,0,lab,"NA,NA",NA,NA,NA,m,43,0.064362,0.079109,adult
YRK,YRKad2_2020,NA,NA,NA,NA,NA,NA,NA,NA,NA,226,2020-07-21,virus_natural,m,NA,1,m,very sure,0.114,adult,NA,1,NA,0,lab,"NA,NA",NA,NA,NA,m,43,0.064362,0.079109,adult
YRK,YRKad3_2020,NA,NA,NA,NA,NA,NA,NA,NA,NA,227,2020-07-21,unknown_natural,m,NA,1,l,very sure,0.077,adult,NA,1,NA,0,lab,"NA,NA",NA,NA,NA,l,43,0.064362,0.079109,adult
